"genus","obs_diff","pval","qval"
"unclassified",-1.55236296863653,9.99990000099999e-06,0.000288038356729835
"Burkholderia",-7.01139208502612,9.99990000099999e-06,0.000288038356729835
"Carltongylesvirus",-10.3534468584653,6.99993000069999e-05,0.0013969860301397
"Culex",-11.9823102253825,8.99991000089999e-05,0.00172231154400785
"Elysia",-8.11266106159635,0.001579984200158,0.0207252387570021
"Escherichia",-10.2648169850971,0.000649993500064999,0.00955832546937689
"Faunusvirus",-13.7591908351578,9.99990000099999e-06,0.000288038356729835
"Fusarium",-5.25794233736749,0.00568994310056899,0.059319779936529
"Helianthus",-7.25604555852579,0.00259997400026,0.03014243716484
"Herbiconiux",-3.7359403465797,0.175278247217528,0.351531391429271
"Loessnervirus",-15.7996573348104,9.99990000099999e-06,0.000288038356729835
"Myducvirus",-5.88834648964235,0.001569984300157,0.0206912081822578
"Paraburkholderia",-6.51471013450463,0.00109998900011,0.015290394359738
"Sabourvirus",-13.8871083106956,9.99990000099999e-06,0.000288038356729835
"Staphylococcus",-10.7659555587161,0.000129998700013,0.00229883777111596
"Suwonvirus",-14.7433425972164,9.99990000099999e-06,0.000288038356729835
"Tanacetum",-0.175046094072506,0.79360206397936,0.915871196513149
"Thauera",1.89608495542022,0.428915710842892,0.62318798548884
"Trinickia",-13.1491378367715,1.9999800002e-05,0.000512655423904477
"Xanthomonas",4.63640238187751,0.027069729302707,0.193930317107085
"Absicoccus",-8.68552546995099,0.000129998700013,0.00229883777111596
"Alcaligenes",-2.13322127911185,0.334476655233448,0.525606172509703
"Chitinasiproducens",-3.18370162719897,0.0530294697053029,0.273505763344922
"Curvibacter",-2.04489420560124,0.49929500704993,0.682500122161205
"Klebsiella",-10.2669682880896,0.000369996300037,0.00574316479057432
"Puccinia",-4.20685697634374,0.026289737102629,0.192286715876297
"Salmonella",-8.50701131043315,0.003779962200378,0.0414165270112005
"Serratia",-11.38810949483,0.000129998700013,0.00229883777111596
"Steinernema",-4.6836593029825,0.141918580814192,0.300850162970297
"Streptomyces",3.76991654028487,0.015349846501535,0.125401962354645
"Achromobacter",5.96598159213054,0.00607993920060799,0.0626839488062684
"Acidovorax",-9.59071054195346,0.001069989300107,0.0149477505224948
"Acinetobacter",-3.58955739290412,0.167278327216728,0.341898790229362
"Aeromonas",5.10659594594015,0.0781992180078199,0.273505763344922
"Agitococcus",-14.881688341844,4.99995000049999e-05,0.00104252688816395
"Alistipes",-3.99207629116507,0.046359536404636,0.260097479346492
"Apophysomyces",-7.07253693839061,0.00682993170068299,0.0696453619405412
"Aquabacterium",-1.44001619286812,0.534864651353486,0.712982746126737
"Ascochyta",-3.40356441906682,9.99990000099999e-06,0.000288038356729835
"Aspergillus",-1.16447456927977,0.523714762852372,0.702139658065991
"Atta",-3.34953091517316,0.012149878501215,0.107087572657396
"Bacillus",-2.36059573761132,0.452465475345247,0.643708970242273
"Bacteroides",-8.42016036978063,0.002159978400216,0.0260128433198427
"Barbavirus",-16.5832354439325,9.99990000099999e-06,0.000288038356729835
"Bdellovibrio",-6.29777792640195,0.026749732502675,0.192625651063077
"Beauveria",-2.07665456364821,0.151418485815142,0.316427262054979
"Bifidobacterium",-6.80425122334665,0.022979770202298,0.17934491046151
"Bordetella",-2.97429667420251,0.284627153728463,0.459415521384936
"Bosea",5.93198007761592,0.031209687903121,0.213725166669902
"Bradyrhizobium",2.98094850372313,0.015019849801502,0.123065866115532
"Brevibacillus",-9.19343315017126,0.003139968600314,0.0352332219649691
"Brugia",-6.37166413600738,0.033549664503355,0.220319058491658
"Caballeronia",-2.91479814179279,0.250217497825022,0.416383376368738
"Caldilinea",-2.1560815206133,0.196368036319637,0.372913983986006
"Campylobacter",-3.31652960008236,0.02529974700253,0.187998651928374
"Candidatus Accumulibacter",2.57282426929873,0.017289827101729,0.13961785237639
"Candidatus Neomicrothrix",-9.95669208241462,0.000589994100058999,0.0088152059655874
"Candidatus Nitrotoga",-0.660280701231002,0.769542304576954,0.900000501878615
"Candidatus Riesia",-11.8192401499219,5.99994000059999e-05,0.00122363739866251
"Candidatus Zymogenus",-9.93339637664278,0.000389996100039,0.00602016079286721
"Cellvibrio",-0.74415991716628,0.788682113178868,0.912778524388669
"Cereibacter",-9.96874976316079,1.9999800002e-05,0.000512655423904477
"Chiloscyllium",9.18309069679685,0.000449995500045,0.0068704230990477
"Chitinivorax",-0.956353488374104,0.719252807471925,0.862485984582214
"Chitinophaga",-9.22217629930031,0.001679983200168,0.0216307514344211
"Chromobacterium",-5.00686678813673,0.0648693513064869,0.273505763344922
"Citrobacter",1.71598030125057,0.471735282647174,0.658068995945088
"Clostridium",-1.58314919215599,0.56530434695653,0.745028464809692
"Comamonas",-0.223535654293618,0.960760392396076,0.972243584337065
"Corchorus",-0.708342116349423,0.741142588574114,0.87827646744737
"Cupriavidus",1.51849197444809,0.333276667233328,0.524310252392972
"Cysteiniphilum",-3.5384256601447,0.010109898901011,0.0932246123083324
"Delftia",-10.3003221644153,0.000269997300027,0.00421437126410859
"Dendrobium",-3.59106080394865,9.99990000099999e-06,0.000288038356729835
"Desulfacinum",-4.73238708760817,0.014819851801482,0.122143557325489
"Desulfomicrobium",-4.97304648670303,0.012349876501235,0.108508034416511
"Duffyella",-4.86232938141911,0.011669883301167,0.10383966224032
"Duganella",8.14930749489672,0.002949970500295,0.033369301934511
"Dyadobacter",-1.73984737944687,0.467355326446736,0.654944042334903
"Dyella",3.31869839233797,0.221107788922111,0.390996938131885
"Elizabethkingia",-7.01501628776866,0.002209977900221,0.026275226609436
"Emericellopsis",-5.0746639687929,9.99990000099999e-06,0.000288038356729835
"Endozoicomonas",-10.1670379111758,0.000779992200077999,0.011291700554497
"Enterobacter",-8.1761578266437,0.003409965900341,0.0376578842907223
"Flagellatimonas",-7.36395978458978,0.012749872501275,0.110975525758761
"Flavobacterium",-5.53230135882618,0.042819571804282,0.248327309258028
"Fluviispira",-3.41757835883871,0.010709892901071,0.0968396141281306
"Francisella",-13.9310863169091,9.99990000099999e-06,0.000288038356729835
"Gaiavirus",-5.78766307443047,9.99990000099999e-06,0.000288038356729835
"Gemmatimonas",8.20314573808393,0.001729982700173,0.0220711034898783
"Giesbergeria",-1.4610535721465,0.524744752552474,0.702509266234602
"Ginsengibacter",-3.68389827238083,9.99990000099999e-06,0.000288038356729835
"Gordonia",-9.68724820752425,0.000459995400046,0.00698493015069849
"Haemophilus",2.14791591122995,0.475115248847512,0.661421029038339
"Helicobacter",-13.7125592420145,1.9999800002e-05,0.000512655423904477
"Hemiselmis",7.92902932353943,0.001979980200198,0.0242634415761106
"Homarus",-13.5112242635776,1.9999800002e-05,0.000512655423904477
"Hydrogenophaga",-1.84872770276589,0.45519544804552,0.645591919715321
"Hymenobacter",3.08977628258627,0.323426765732343,0.512566298046605
"Janthinobacterium",0.209187827517578,0.968040319596804,0.975965081619025
"Kosakonia",-4.77515863046279,0.00749992500074999,0.0753769440722859
"Labrys",1.25979649225775,0.619833801661983,0.802280212491993
"Lactococcus",-14.0875341186786,2.9999700003e-05,0.000722578981106741
"Lauvirus",-10.6182403911182,9.99990000099999e-06,0.000288038356729835
"Leclercia",-13.0264514086924,9.99990000099999e-06,0.000288038356729835
"Lederbergia",-3.82585449894794,9.99990000099999e-06,0.000288038356729835
"Lentibacter",-3.8117903175244,9.99990000099999e-06,0.000288038356729835
"Libingvirus",-0.223616468138808,0.860891391086089,0.953739312725826
"Limnobacter",7.52688629390624,0.00696993030069699,0.0705579176092297
"Limnohabitans",2.43171263792027,0.385576144238558,0.583270030862225
"Linnemannia",-3.29670412163925,0.028229717702823,0.200458653641312
"Listeria",-13.7549000494389,3.9999600004e-05,0.000894071059289407
"Loigolactobacillus",-14.3668720564562,9.99990000099999e-06,0.000288038356729835
"Lolium",-3.37680647768095,9.99990000099999e-06,0.000288038356729835
"Luteitalea",10.5611577533017,0.000129998700013,0.00229883777111596
"Lysobacter",-3.36581848537624,0.252347476525235,0.418681026966452
"Maltschvirus",-3.76385988412143,0.0823791762082379,0.273505763344922
"Mammaliicoccus",-3.80112070662161,9.99990000099999e-06,0.000288038356729835
"Marinobacterium",-8.65700592486549,0.00629993700062999,0.0647133234550007
"Marinomonas",-6.69494443370321,0.00662993370066299,0.0678536071782139
"Massilia",1.79339231565331,0.449265507344927,0.64075948316576
"Medicago",-7.98666173779183,0.002519974800252,0.0293367066329337
"Mesorhizobium",0.626550972473236,0.809771902280977,0.928396674178519
"Methanomicrobium",-14.9116684717839,9.99990000099999e-06,0.000288038356729835
"Methylibium",11.7734129114186,1.9999800002e-05,0.000512655423904477
"Methylobacillus",-0.462162833975537,0.821331786682133,0.935126736752192
"Methylotenera",2.03486909705786,0.455135448645514,0.645591919715321
"Methyloversatilis",3.7047696425967,0.188148118518815,0.364553289279867
"Methylovorus",-4.78099541494936,0.015689843101569,0.127434365191232
"Micromonospora",5.0123803827365,0.0649293507064929,0.273505763344922
"Mitsuokella",-3.22284779455867,0.033749662503375,0.220319058491658
"Monosporascus",-2.16318595480075,0.329176708232918,0.52020346312374
"Mucilaginibacter",-10.5404045178317,0.000229997700023,0.00371452932869515
"Mycoplasmopsis",-14.2159466338129,7.99992000079999e-05,0.001563061292464
"Myxococcus",1.37092062297752,0.628853711462885,0.807086250238415
"Necator",-5.10129218780397,0.00817991820081799,0.0807586270427049
"Neisseria",-0.1741713123259,0.925820741792582,0.96579099856148
"Niastella",-2.88824609310251,0.0733892661073389,0.273505763344922
"Nitrosomonas",10.9405806337718,1.9999800002e-05,0.000512655423904477
"Nitrospira",19.5081429521322,9.99990000099999e-06,0.000288038356729835
"Novosphingobium",1.05253644542435,0.677453225467745,0.834433572147795
"Ophiocordyceps",-3.41786076220731,9.99990000099999e-06,0.000288038356729835
"Paludibacterium",-2.42702605965851,0.119848801511985,0.273505763344922
"Pandoraea",0.076837342559406,0.970130298697013,0.977124749300452
"Pantoea",-1.86743121136285,0.530244697553025,0.708175757630569
"Papaver",-4.41488463364404,0.026069739302607,0.191324753419132
"Paraflavitalea",-7.87821229057474,0.000179998200018,0.0030479695203048
"Pararobbsia",-8.69827708725465,0.000559994400055999,0.00845742893922412
"Parastrongyloides",5.18929432912069,0.00502994970050299,0.0532336343303234
"Parvibium",0.485014769302053,0.759132408675913,0.892156736272066
"Pedobacter",-12.5250201886482,3.9999600004e-05,0.000894071059289407
"Phenylobacterium",11.9160996620277,9.99990000099999e-06,0.000288038356729835
"Phlebotomus",-8.09128160702923,0.000719992800071999,0.0104773952260477
"Phycicoccus",-7.82738163115549,0.002389976100239,0.027939720602794
"Phytophthora",-4.08597720132553,0.039129608703913,0.239012719043115
"Pigmentiphaga",-1.09922914451457,0.700562994370056,0.847972333777311
"Planobispora",-3.7756552872955,9.99990000099999e-06,0.000288038356729835
"Plasmopara",-3.66155623223178,9.99990000099999e-06,0.000288038356729835
"Plectolyngbya",-7.20669218077008,0.001379986200138,0.0184482365702659
"Pleomorphovibrio",-3.6251944122451,9.99990000099999e-06,0.000288038356729835
"Polaromonas",3.89991427387327,0.0639693603063969,0.273505763344922
"Pontibacter",-1.89777548766272,0.318916810831892,0.506280437195628
"Ponticaulis",-7.57901020130676,0.000229997700023,0.00371452932869515
"Porphyromonas",-3.75685955031232,9.99990000099999e-06,0.000288038356729835
"Propionivibrio",0.876082578810667,0.764712352876471,0.895851703956755
"Pseudarthrobacter",-7.81710957889023,9.99990000099999e-06,0.000288038356729835
"Pseudenterobacter",-2.91845055405771,0.025509744902551,0.189056305723415
"Pseudogulbenkiania",-1.80834971587509,0.438305616943831,0.630729841002311
"Pseudomonas",0.925890970439855,0.622043779562204,0.803509163244012
"Pseudorhodoferax",2.14903792188076,0.410815891841082,0.603480337436373
"Psychrobacter",-4.34006599632148,0.023609763902361,0.181228568149101
"Ralstonia",-0.228053411641895,0.908770912290877,0.960281331024119
"Ramlibacter",10.9635893508803,9.99990000099999e-06,0.000288038356729835
"Raoultella",-1.47813479783598,0.500794992050079,0.683697383837104
"Rhizobium",6.91239534252332,0.001659983400166,0.0215720633491339
"Rhizophora",-2.97014671570669,0.047759522404776,0.264237832869196
"Rhizopus",8.213087462666,0.001279987200128,0.0174962328046622
"Rhodococcoides",-2.87635127002304,0.025159748402516,0.187456898764346
"Rhodococcus",8.5781702669415,0.001049989500105,0.01474206363464
"Rhodoferax",-1.90929871180371,0.31269687303127,0.498104369013322
"Rhodomicrobium",-9.24487715478727,0.000989990100098999,0.013969860301397
"Robbsia",-13.0731356584715,9.99990000099999e-06,0.000288038356729835
"Romanomermis",-5.23392771173429,0.004579954200458,0.0488411909774032
"Roseateles",3.48300362559139,0.117588824111759,0.273505763344922
"Ruegeria",0.466510342686344,0.780122198778012,0.908570830923621
"Rugosibacter",-1.24003628583068,0.548764512354876,0.72712162399476
"Salana",-10.006844180102,1.9999800002e-05,0.000512655423904477
"Scandinavium",-3.25197808805522,0.00904990950090499,0.0857133801543341
"Sediminibacterium",-4.21473160506024,0.024469755302447,0.183293555804388
"Shangdongvirus",-7.41427419617332,0.000129998700013,0.00229883777111596
"Shewanella",-7.6610611600393,0.004459955400446,0.0481124146287495
"Shigella",-3.32990997674365,0.0957390426095739,0.273505763344922
"Silvania",-3.21235563061166,0.010569894301057,0.0958840411595884
"Simplicispira",-12.4006895575045,0.000139998600014,0.00242954092198208
"Solimicrobium",7.23797166444508,0.010309896901031,0.0942280773270699
"Sorangium",13.5275592028828,9.99990000099999e-06,0.000288038356729835
"Sphaerotilus",8.79179405173753,0.000849991500084999,0.012241630161018
"Sphingomonas",7.84605766833458,0.001389986100139,0.0184934341132779
"Spiribacter",0.162658832511804,0.912210877891221,0.960903123724134
"Stachybotrys",-3.34899461437024,9.99990000099999e-06,0.000288038356729835
"Stappia",-2.68037963825168,0.0716092839071609,0.273505763344922
"Stenotrophomonas",-2.15170202050011,0.362366376336237,0.558748154240312
"Streptococcus",-13.0496381970255,7.99992000079999e-05,0.001563061292464
"Sulfuriferula",8.37870901106408,0.001289987100129,0.0174962328046622
"Tahibacter",6.28462058936928,0.026659733402666,0.192473630819247
"Tateyamaria",-4.39931005257426,0.030459695403046,0.210654428109184
"Taylorella",-3.68250936543854,9.99990000099999e-06,0.000288038356729835
"Thermomonas",-4.86257643361635,0.0799292007079929,0.273505763344922
"Thiocapsa",9.77590319277243,0.000209997900021,0.00347179960153061
"Thiomonas",8.05866844030263,0.002929970700293,0.0332777973033278
"Uliginosibacterium",-8.12588020515778,0.012869871301287,0.111585881045214
"Variovorax",1.70283249043002,0.13189868101319,0.282696835608331
"Varroa",-9.92555710676,9.99990000099999e-06,0.000288038356729835
"Verticiella",-2.57072660095888,0.0891491085089149,0.273505763344922
"Xenophilus",-3.99742376070851,0.042549574504255,0.247673981593517
"Xylella",-4.81530157803313,0.028339716602834,0.200458653641312
"Actinomycetospora",6.97989201836877,0.00892991070089299,0.0848645255044048
"Amnimonas",-2.10622543807972,0.197008029919701,0.372913983986006
"Aphanizomenon",-1.00138557224887,0.692683073169268,0.842925307680721
"Aureibacter",-5.89249376562276,0.001289987100129,0.0174962328046622
"Balneola",-3.67062098982946,9.99990000099999e-06,0.000288038356729835
"Basilea",-7.53852278665002,0.000709992900070999,0.0103859694387349
"Boseongicola",-2.43937107854448,0.0851691483085169,0.273505763344922
"Brevundimonas",0.814123690295536,0.811161888381116,0.928846850875753
"Caldimonas",4.30472826744574,0.110538894611054,0.273505763344922
"Capnocytophaga",-3.7075679235748,9.99990000099999e-06,0.000288038356729835
"Daphnia",5.77027396126573,0.047589524104759,0.263819703072811
"Devosia",-0.573656419169076,0.814121858781412,0.931091475004202
"Diploscapter",-0.0507677724939679,0.988230117698823,0.9903568683108
"Dokdonella",5.10724744295671,0.0733292667073329,0.273505763344922
"Emticicia",-3.09651591289621,0.05019949800502,0.269725764280819
"Flavihumibacter",-2.94662471341429,0.048549514504855,0.266518741062589
"Geobacillus",-1.81786779510036,0.468875311246888,0.656030795726094
"Geovibrio",-3.77209453882894,9.99990000099999e-06,0.000288038356729835
"Halomonas",8.04367589088928,0.001709982900171,0.0219160193719164
"Herbaspirillum",1.9171128164062,0.50090499095009,0.683697383837104
"Kremarvirus",-6.04084775305147,9.99990000099999e-06,0.000288038356729835
"Larkinella",-3.61375926437788,0.010319896801032,0.0942280773270699
"Lillamyvirus",-7.72099620192092,0.000139998600014,0.00242954092198208
"Limosilactobacillus",-8.17341655471272,9.99990000099999e-06,0.000288038356729835
"Microbulbifer",-2.93986622325524,0.301276987230128,0.481560584851817
"Microcystis",3.03748674588071,0.290877091229088,0.467612539064483
"Mycetohabitans",-7.22497146429383,0.001359986400136,0.018268278855673
"Mycoavidus",-4.912560650516,0.013939860601394,0.118024153091802
"Mycobacterium",9.82963220380012,0.000109998900011,0.00206266393711902
"Nevskia",13.8933743376594,9.99990000099999e-06,0.000288038356729835
"Nitrosovibrio",5.25028682239101,0.0688493115068849,0.273505763344922
"Oncorhynchus",-1.63722873060792,0.515424845751542,0.695108425363623
"Opacimonas",-3.82528195526679,1.9999800002e-05,0.000512655423904477
"Ottowia",9.23763019419419,0.000619993800061999,0.00916541099139273
"Paenibacillus",7.87542602457133,0.001829981700183,0.0227243060902724
"Panagrolaimus",3.01139265717425,0.293857061429386,0.472131471899772
"Phyllobacterium",-2.99388062536728,0.255847441525585,0.423482080345073
"Pokkenvirus",-3.90046883464882,9.99990000099999e-06,0.000288038356729835
"Polynucleobacter",-2.14045596837782,0.439965600343997,0.632141565473806
"Pseudoalteromonas",-3.07788423369373,0.209907900920991,0.384825280758325
"Pseudorhodoplanes",6.98356888619382,0.018979810201898,0.151513113440294
"Saccharomonospora",-2.99356805196524,0.041049589504105,0.243923845262609
"Solilutibacter",-2.70500475145291,0.0564794352056479,0.273505763344922
"Sphingobium",-2.27860600601225,0.453055469445306,0.644191848157854
"Sphingopyxis",-0.738845972757044,0.842251577484225,0.945372425793814
"Stutzerimonas",-2.19126958721126,0.459565404345957,0.64981059703573
"Sulfitobacter",-4.68601780368337,0.023859761402386,0.181228568149101
"Sutterella",1.91224292059364,0.569254307456925,0.749174062663518
"Taibaiella",-2.24842395749118,0.344416555834442,0.539405749440263
"Thiopseudomonas",-3.5801641996778,0.01359986400136,0.116201896085015
"Undibacterium",5.95852382784219,0.027419725802742,0.195935329649261
"Xylophilus",-0.488984407590977,0.815741842581574,0.931799962458266
"Acetobacter",-2.73502614040572,0.319476805231948,0.50688142749464
"Agriterribacter",-2.19393980530129,0.211707882921171,0.385684484079037
"Alicycliphilus",-5.01486627516846,0.00948990510094899,0.0889758216511795
"Aquirufa",-5.80250044326875,0.001829981700183,0.0227243060902724
"Bilifractor",-3.37827951573312,0.028709712902871,0.201545069976436
"Candidatus Methylopumilus",-3.61163020597277,0.011149888501115,0.100492866039082
"Candidimonas",-1.64858604554482,0.465345346546535,0.654011518234918
"Carnobacterium",-5.87672903107581,9.99990000099999e-06,0.000288038356729835
"Chryseobacterium",-5.29926792789694,0.021969780302197,0.172911453984052
"Denitrobaculum",-3.58409790836311,0.014779852201478,0.122143557325489
"Enterobius",-5.91945420442319,9.99990000099999e-06,0.000288038356729835
"Extensimonas",-3.56953443240064,0.01139988600114,0.102176991050602
"Ferrovibrio",11.0556985311615,4.99995000049999e-05,0.00104252688816395
"Fibrisoma",-3.59098741958403,0.011409885901141,0.102176991050602
"Halothiobacillus",-3.53974595280429,0.013429865701343,0.11510136432378
"Hylemonella",-2.69101019525159,0.250437495625044,0.416501406414507
"Lacticaseibacillus",-6.18515129495873,0.00889991100088999,0.0848645255044048
"Lahexavirus",-3.38212236415013,0.010509894901051,0.0956503138551676
"Lamprobacter",-2.18351947229216,0.287987120128799,0.463767154835656
"Leptolyngbya",6.34391729084629,0.023409765902341,0.181182509504545
"Ligilactobacillus",-6.57818681305275,0.004579954200458,0.0488411909774032
"Lonsdalea",-3.57016819772623,9.99990000099999e-06,0.000288038356729835
"Martelella",-5.44549370299902,0.003379966200338,0.0374747046180332
"Methylobacterium",7.16348657069298,0.00389996100039,0.0425644181058189
"Methylomonas",8.56946156755484,0.00119998800012,0.0165160909967255
"Methylophilus",4.24106343545631,0.170608293917061,0.345602196151951
"Methyloradius",-2.7631598232544,0.0721192788072119,0.273505763344922
"Myoalterovirus",-3.84435190263752,9.99990000099999e-06,0.000288038356729835
"Nocardia",8.00980140222324,0.0019999800002,0.0242954092198208
"Novimethylophilus",6.79899198936699,0.015549844501555,0.126665497193425
"Oleiagrimonas",2.66368773068725,0.32809671903281,0.519083937133449
"Oscillibacter",-2.02092150224685,0.355416445835542,0.551378983711551
"Pseudodesulfovibrio",-2.49787435841012,0.105168948310517,0.273505763344922
"Reyranella",11.9660740637855,9.99990000099999e-06,0.000288038356729835
"Rhizorhabdus",-3.66283733328379,0.138058619413806,0.294454795910056
"Rhodanobacter",10.2754084290145,0.000139998600014,0.00242954092198208
"Robiginitomaculum",-3.07823883782195,0.037019629803702,0.23454160016223
"Roseomonas",10.6408720991391,4.99995000049999e-05,0.00104252688816395
"Rubrivivax",11.6891516147323,4.99995000049999e-05,0.00104252688816395
"Salipiger",0.644908187435531,0.851111488885111,0.948546270420822
"Slopekvirus",-3.52695752635792,9.99990000099999e-06,0.000288038356729835
"Streptobacillus",-3.87574719252378,9.99990000099999e-06,0.000288038356729835
"Sulfuricurvum",-2.80711762723588,0.0660593394066059,0.273505763344922
"Synechococcus",2.32845056561843,0.434745652543475,0.627093109554191
"Tepidimonas",6.46109593822282,0.023869761302387,0.181228568149101
"Tetraselmis",-3.82455008031136,0.00596994030059699,0.0617778266661778
"Thioclava",-2.72092195431931,0.261907380926191,0.428938582829881
"Thiolapillus",-4.14545822191855,0.040449595504045,0.243569331548064
"Thiomicrorhabdus",-3.28801862318808,0.025689743102569,0.189886619652322
"Tibeticola",-3.15932686106679,0.03879961200388,0.238896865417311
"Torinovirus",-3.85935593409661,9.99990000099999e-06,0.000288038356729835
"Vampirovibrio",-3.28059255954112,0.033609663903361,0.220319058491658
"Vibrio",8.3549953153181,0.000899991000089999,0.0128294635420993
"Acidisphaera",0.265728267761691,0.863521364786352,0.954760068544942
"Advenella",-2.28602891505194,0.200947990520095,0.37681119833097
"Algoriphagus",-6.23252288913531,0.00535994640053599,0.0560887275022381
"Anopheles",9.35151223345011,0.000889991100088999,0.0127519750443521
"Cafeteria",-3.54325732169712,0.014079859201408,0.118849325101915
"Candidatus Fonsibacter",-3.55346701186811,9.99990000099999e-06,0.000288038356729835
"Caulobacter",1.52603562453026,0.621423785762142,0.803451206580021
"Chloracidobacterium",12.1282128447965,2.9999700003e-05,0.000722578981106741
"Croceitalea",-3.62034739977013,0.00854991450085499,0.0832370842958237
"Exserohilum",-3.303340255133,0.029979700202998,0.208819946539989
"Gimesia",-2.81419153836411,0.296237037629624,0.475135638999523
"Methanothrix",-0.0190773821276178,0.989260107398926,0.990678401459713
"Methylobacter",11.9912181976943,2.9999700003e-05,0.000722578981106741
"Mizugakiibacter",2.36636571135991,0.364006359936401,0.560658086914169
"Oceanicoccus",0.112526822165955,0.93650063499365,0.966598734455951
"Oceanobacillus",-4.99708924531277,0.010079899201008,0.0932246123083324
"Oxalobacter",-0.52995632530436,0.862341376586234,0.953832860721274
"Phormidium",-2.84800570343404,0.0578694213057869,0.273505763344922
"Polaribacter",-3.40656570908802,0.014979850201498,0.123065866115532
"Porphyra",-3.75434643947621,9.99990000099999e-06,0.000288038356729835
"Priestia",-3.40293809955434,0.0872991270087299,0.273505763344922
"Pseudoduganella",1.58186980242518,0.509664903350966,0.691263951438155
"Pseudogemmobacter",-1.60019153454841,0.505104948950511,0.686746096042689
"Pseudooceanicola",-2.16191081863081,0.435475645243548,0.627498170608805
"Pulveribacter",-5.93896559629197,9.99990000099999e-06,0.000288038356729835
"Aromatoleum",11.39361114803,8.99991000089999e-05,0.00172231154400785
"Butyricimonas",-3.52235606659639,0.01419985800142,0.119501214626408
"Candidatus Vallotiella",-3.82071139626271,9.99990000099999e-06,0.000288038356729835
"Cellulosimicrobium",-2.79965288415235,0.0542894571054289,0.273505763344922
"Craurococcus",6.7898575436634,0.01249987500125,0.109314156858431
"Glaciibacter",-3.75158967990947,9.99990000099999e-06,0.000288038356729835
"Hamadaea",-3.00844493099239,0.0570494295057049,0.273505763344922
"Heterosigma",9.92997902893137,0.000249997500025,0.00396871031289687
"Hyphomonas",1.13420815599776,0.674583254167458,0.832786318779922
"Macromonas",1.67369472608612,0.573534264657353,0.754070192129687
"Micromonas",-2.33230988850965,0.151988480115199,0.317381026488689
"Mycobacteroides",2.20319204025651,0.434465655343447,0.62701293441611
"Plasmodium",-1.69091369466476,0.501274987250128,0.683868317566824
"Pseudoxanthomonas",7.99161907330318,0.002759972400276,0.0314749505566169
"Sterolibacterium",2.15573950283227,0.454515454845452,0.645591919715321
"Verminephrobacter",3.1378841779054,0.257577424225758,0.425734787463446
"Zhongshania",1.42556172327884,0.646673533264667,0.818299751785091
"Acanthosepion",-5.67262887415507,0.004419955800442,0.0478657228931587
"Acidiluteibacter",-3.7620776924971,9.99990000099999e-06,0.000288038356729835
"Aequorivita",-3.31316218100494,0.028659713402866,0.201545069976436
"Afipia",6.44282957710509,0.023769762302377,0.181228568149101
"Agrobacterium",3.76207810619426,0.173128268717313,0.349004605192043
"Allostella",1.15773192055646,0.652233477665223,0.823098616348977
"Archangium",5.20916341408708,0.0657893421065789,0.273505763344922
"Arthrobacter",3.4922004155307,0.176368236317637,0.352499489290821
"Azospirillum",13.699527390523,9.99990000099999e-06,0.000288038356729835
"Beta",1.32803119264315,0.563134368656313,0.742869417387035
"Caerostris",-1.2168154458434,0.512854871451285,0.69457901640082
"Candidatus Macondimonas",-3.50042146361656,0.013289867101329,0.114251965172656
"Coxiella",-3.01402090451269,0.043779562204378,0.251170629977478
"Entamoeba",-0.478441892754537,0.774242257577424,0.904361566752225
"Erythrobacter",0.0493483742627587,0.978290217097829,0.981804190578784
"Faecalicatena",-3.76290298723937,9.99990000099999e-06,0.000288038356729835
"Ferruginibacter",-4.7639440415666,0.011769882301177,0.104066617561672
"Hydrotalea",-4.23457190280271,0.046619533804662,0.261032018938328
"Hyphomicrobium",9.1914807341738,0.000619993800061999,0.00916541099139273
"Luteibacter",0.0705985640455025,0.957320426795732,0.970520055321943
"Luteimonas",10.0771811220418,0.000229997700023,0.00371452932869515
"Magnetospirillum",8.27455809216008,0.002969970300297,0.0334600686251202
"Malikia",-1.21639993698124,0.530764692353076,0.708531557780457
"Muminvirus",-3.86695048842908,9.99990000099999e-06,0.000288038356729835
"Neobacillus",-1.2710712415492,0.547824521754782,0.726790937218833
"Nostocoides",-1.0842015468681,0.615183848161518,0.798709884648365
"Noviherbaspirillum",12.3729074679222,9.99990000099999e-06,0.000288038356729835
"Oerskovia",-2.44800406693062,0.0947790522094779,0.273505763344922
"Paracidovorax",5.34461096047679,0.0708992910070899,0.273505763344922
"Paracoccus",3.53880429117961,0.203227967720323,0.377724959452533
"Parasteatoda",-1.38645593454955,0.501924980750193,0.684345976052435
"Parerythrobacter",-3.44576922236528,0.013719862801372,0.116869806911687
"Pelagerythrobacter",-4.5762429615036,0.011579884201158,0.10336803980203
"Photobacterium",-0.445678704909066,0.882381176188238,0.957426410201917
"Pleomorphomonas",-2.64410034602909,0.299177008229918,0.478477710929817
"Proteiniphilum",-3.7208177906028,9.99990000099999e-06,0.000288038356729835
"Rhizophagus",-2.7532666987377,0.270157298427016,0.439680402264119
"Richelia",-1.31234111092148,0.469665303346967,0.656779207983696
"Sipha",-2.21768120175508,0.23489765102349,0.40116383677239
"Sordaria",-3.82213724487663,9.99990000099999e-06,0.000288038356729835
"Tardiphaga",0.0660276599916956,0.965520344796552,0.975236502600666
"Tolumonas",-3.18040181128228,0.022759772402276,0.178125501658149
"Vreelandella",1.7482634119241,0.518694813051869,0.697417376163101
"Actinoplanes",4.11264317088258,0.146858531414686,0.308513335919272
"Argulus",-3.39444080013974,0.029659703402966,0.207173028269717
"Catenulispora",-3.05194063561962,0.047029529704703,0.262276459071737
"Clavibacter",2.70745314642592,0.297737022629774,0.476993830979121
"Clavispora",-2.50942602963041,0.0903590964090359,0.273505763344922
"Cytobacillus",-3.1379474251598,0.045929540704593,0.259456357049333
"Enterococcus",-2.75566864328275,0.0603693963060369,0.273505763344922
"Filimonas",-2.62298884325804,0.0799392006079939,0.273505763344922
"Gemmobacter",-3.84179238528353,9.99990000099999e-06,0.000288038356729835
"Hephaestia",-3.28252652451621,0.026589734102659,0.192465588297485
"Mesoterricola",-0.849797777649778,0.726462735372646,0.86762384512907
"Methanoculleus",3.19775622167675,0.250667493325067,0.41663591692459
"Oceanicola",0.416300649942023,0.811031889681103,0.928846850875753
"Paraglaciecola",-1.09113713930248,0.627873721262787,0.807086250238415
"Parasphingomonas",-3.4707629517472,0.01439985600144,0.120625979368949
"Pseudonocardia",12.2596778652803,3.9999600004e-05,0.000894071059289407
"Puia",-3.50373351638474,0.013869861301387,0.117788426978952
"Roseovarius",3.22658060350698,0.258047419525805,0.425734787463446
"Rotaria",-1.24212259791218,0.506554934450655,0.688382532517087
"Salvia",-3.7575162999048,9.99990000099999e-06,0.000288038356729835
"Sphingosinicella",0.92233198097622,0.743382566174338,0.880089360123348
"Syntrophorhabdus",11.0170798467241,4.99995000049999e-05,0.00104252688816395
"Abyssibacter",5.47040600118998,0.049609503904961,0.269143599826138
"Acaryochloris",1.67308749368615,0.386336136638634,0.584103444679839
"Acidiferrimicrobium",5.70881966350637,0.026509734902651,0.192465588297485
"Acidihalobacter",6.11299542913674,0.023729762702373,0.181228568149101
"Acidiphilium",1.1595002078673,0.517774822251778,0.696623192651078
"Acidipila",0.34738077583851,0.757212427875721,0.891551421611785
"Aciditerrimonas",-0.158622508837152,0.923050769492305,0.964474139850972
"Acidithiobacillus",8.86344782109995,0.001119988800112,0.0154913302352125
"Acidithrix",-0.467967273812355,0.844311556884431,0.946252101859246
"Acidobacterium",-0.705489286957244,0.700342996570034,0.847972333777311
"Acidocella",3.52444735576209,0.126658733412666,0.276904930481212
"Actinacidiphila",0.669613095714892,0.674813251867481,0.832786318779922
"Actinocatenispora",1.17454750868806,0.498605013949861,0.682224490193884
"Actinocorallia",-0.430450004499083,0.875581244187558,0.955490460708196
"Actinokineospora",3.16492540513205,0.176618233817662,0.352499489290821
"Actinomadura",11.0144200821134,4.99995000049999e-05,0.00104252688816395
"Actinomarinicola",-0.643316848509319,0.816551834481655,0.931936282923818
"Actinomyces",9.40695817140805,0.000259997400026,0.00410413974956296
"Actinophytocola",9.64087285893573,0.00019999800002,0.0033460743236879
"Actinopolymorpha",0.649969462864246,0.680943190568094,0.835186687641464
"Actinospica",-1.24330120493199,0.100828991710083,0.273505763344922
"Adhaeribacter",-0.707907911102049,0.707042929570704,0.850765695616084
"Adineta",-1.48083411359991,0.038429615703843,0.238605213947861
"Aeoliella",-0.671064856703184,0.751182488175118,0.886835297257505
"Aeromicrobium",9.31483283810437,0.000269997300027,0.00421437126410859
"Aestuariivirga",1.65252344070591,0.394116058839412,0.589486225052096
"Aetherobacter",0.407060588344266,0.695123048769512,0.843687359913201
"Agaribacillus",1.60038070502114,0.417315826841732,0.611100849159223
"Aggregatilinea",0.0416486952343145,0.965640343596564,0.975236502600666
"Agreia",-1.48274325750907,0.037409625903741,0.234882010730455
"Ahniella",2.06237274483131,0.329986700132999,0.521188716886149
"Alcanivorax",3.13324951644463,0.180148198518015,0.357014146170595
"Aldersonia",-0.124544457383079,0.9430005699943,0.967944009024274
"Algihabitans",2.42570939390983,0.286517134828652,0.461875485051378
"Algiphilus",8.55572789828414,0.001919980800192,0.0237363998041436
"Alicyclobacillus",2.55334576808542,0.261647383526165,0.42876409945578
"Alienimonas",-1.48113656073693,0.038939610603894,0.238896865417311
"Aliidongia",1.28684333525291,0.503364966350336,0.685715122370961
"Aliterella",0.183109974595826,0.857171428285717,0.953138850321238
"Allochromatium",2.29773687838188,0.269357306426936,0.43882467297776
"Allocoleopsis",-0.956818722254807,0.385566144338557,0.583270030862225
"Allokutzneria",-1.22462584193856,0.135428645713543,0.289508520370037
"Allonocardiopsis",-0.968934691077133,0.332906670933291,0.524310252392972
"Allorhizocola",-0.955522545019223,0.35239647603524,0.548455005155012
"Alsobacter",3.52988655836057,0.144518554814452,0.30533067307271
"Alterirhizorhabdus",-0.485734129939338,0.832421675783242,0.940531855797044
"Amaricoccus",1.60009721287616,0.390386096139039,0.586734132658673
"Amblyomma",-0.941083014693213,0.396056039439606,0.59175431775094
"Aminobacter",4.38747316246944,0.1059989400106,0.273505763344922
"Amycolatopsis",9.42108640985931,0.00019999800002,0.0033460743236879
"Amyelois",-1.48877423143353,0.031289687103129,0.213749109452671
"Anabaena",2.89397576905948,0.211957880421196,0.385684484079037
"Anaerolinea",7.79725420301956,0.003309966900331,0.0368448108347602
"Anaeromyxobacter",12.6566077438151,9.99990000099999e-06,0.000288038356729835
"Anaerotalea",-1.48000060689398,0.038649613503865,0.238896865417311
"Anatilimnocola",1.2642653551924,0.482635173648264,0.668558589575235
"Ancylobacter",0.645616944787276,0.678743212567874,0.834433572147795
"Anguilla",-0.967349120291498,0.331136688633114,0.522709552565491
"Angustibacter",-1.47696700354783,0.04329956700433,0.249441216928037
"Anthocerotibacter",1.9854305961514,0.357686423135769,0.554285006234796
"Antrihabitans",6.86142913972017,0.00857991420085799,0.0832370842958237
"Aphanothece",-1.18594922805061,0.173718262817372,0.349689356132375
"Aporhodopirellula",-0.492873086916751,0.820181798182018,0.934818384279453
"Aquaspirillum",-0.659511662651116,0.804911950880491,0.92434196085495
"Aquidulcibacter",-0.120503867093734,0.942930570694293,0.967944009024274
"Aquihabitans",-0.368711745449092,0.919160808391916,0.963145421019553
"Aquimonas",1.86080838895959,0.377446225537745,0.577538200521609
"Aquincola",7.42118612289947,0.00792992070079299,0.0785680795674313
"Aquipseudomonas",-0.944132565043829,0.385076149238508,0.583270030862225
"Aquipuribacter",-1.24691856039176,0.1059989400106,0.273505763344922
"Aquisalimonas",4.84152484069366,0.0607093929060709,0.273505763344922
"Aquisphaera",-0.342781990287319,0.929490705092949,0.966085144053799
"Arctia",-1.4338261090551,0.0913190868091319,0.273505763344922
"Arenimonas",6.26991636998364,0.020729792702073,0.164542729572704
"Argonema",-1.48745083874026,0.031789682103179,0.21506143292078
"Aricia",-1.47706600717566,0.043059569404306,0.249085790715592
"Armatimonas",-0.67341092123017,0.778272217277827,0.907551158211289
"Arsenicicoccus",-1.24178506136594,0.110838891611084,0.273505763344922
"Arsukibacterium",0.385661617383892,0.704692953070469,0.84981107048291
"Asanoa",2.56219571859947,0.218567814321857,0.389215088091312
"Atopomonas",-0.930677520417475,0.430855691443086,0.62403047812172
"Azohydromonas",9.3266691097205,0.001669983300167,0.0216015432438268
"Azospira",11.513405648295,3.9999600004e-05,0.000894071059289407
"Azotobacter",4.57778956661417,0.0971690283097169,0.273505763344922
"Azotosporobacter",-1.48887760745563,0.032089679103209,0.21656657829557
"Azovibrio",3.08114633553806,0.18679813201868,0.364147045552445
"Bacteriovorax",-0.717564802892643,0.694273057269427,0.843687359913201
"Bactrocera",1.54130977661259,0.462245377546225,0.65260918891569
"Baekduia",12.6428636651714,9.99990000099999e-06,0.000288038356729835
"Banduia",8.42431512025873,0.004539954600454,0.0487870505910325
"Basidiobolus",-1.48299918600621,0.036129638703613,0.229945809881309
"Bauldia",7.03649761860351,0.010149898501015,0.0932855803020917
"Beggiatoa",2.82130332984605,0.224887751122489,0.395677819040449
"Blastococcus",7.79423869893566,0.002659973400266,0.0305842209067621
"Blastomonas",-0.422246031855707,0.878251217487825,0.956051778524644
"Blastomyces",-1.48728903221209,0.032869671303287,0.219908327232517
"Blastopirellula",0.397697297852734,0.731922680773192,0.872809206180238
"Bombyx",-1.44944683071066,0.0734792652073479,0.273505763344922
"Botrimarina",-0.421047101897847,0.873621263787362,0.955490460708196
"Bremerella",-0.716696154389656,0.708962910370896,0.852708726464177
"Brucella",0.634008753125546,0.684873151268487,0.837250516383725
"Bryobacter",0.742928783006492,0.650313496865031,0.821417680940731
"Caenimonas",9.56423697008276,0.000249997500025,0.00396871031289687
"Caldinitratiruptor",0.829384993987128,0.633983660163398,0.80957511265838
"Caldithrix",2.36692874191641,0.266947330526695,0.435406212195905
"Calidithermus",3.78300247468433,0.11749882501175,0.273505763344922
"Camellia",-1.47803626291193,0.041829581704183,0.246565087091745
"Canavalia",-1.49530910612283,0.026009739902601,0.191324753419132
"Candidatus Acetithermum",-0.343869953565329,0.929590704092959,0.966085144053799
"Candidatus Aeolococcus",0.744140809834092,0.64610353896461,0.817948929708709
"Candidatus Anammoximicrobium",-0.704259808965455,0.711032889671103,0.854830418993573
"Candidatus Aquicultor",-0.982449991903633,0.335236647633524,0.526504324613865
"Candidatus Binatus",10.5730788655642,7.99992000079999e-05,0.001563061292464
"Candidatus Borrarchaeum",-1.50150897956855,0.020949790502095,0.165349476448738
"Candidatus Brocadia",6.29139657068621,0.020079799202008,0.159837489944189
"Candidatus Cenarchaeum",1.22293770766788,0.514034859651403,0.694683053169468
"Candidatus Competibacter",0.724687618437154,0.660273397266027,0.823205654601196
"Candidatus Contendibacter",8.57116603211603,0.001749982500175,0.0222247777522225
"Candidatus Cyanaurora",-1.18606166006918,0.179868201317987,0.357014146170595
"Candidatus Desulfatibia",-0.172721733322454,0.908760912390876,0.960281331024119
"Candidatus Desulfobacillus",3.24165186824912,0.187128128718713,0.364147045552445
"Candidatus Desulforudis",1.20369976252189,0.517094829051709,0.696271302347217
"Candidatus Entotheonella",10.2223322528931,8.99991000089999e-05,0.00172231154400785
"Candidatus Hakubella",2.6518463775734,0.220147798522015,0.390500974584677
"Candidatus Iainarchaeum",1.84108877121461,0.388226117738823,0.585061366214817
"Candidatus Kapaibacterium",-0.139926240783308,0.92830071699283,0.965985923008554
"Candidatus Kentrum",9.88355491598739,0.000119998800012,0.00219135063551325
"Candidatus Kuenenia",-1.48421839314066,0.035109648903511,0.225952878085898
"Candidatus Laterigemmans",0.137361799930479,0.892631073689263,0.959707566477519
"Candidatus Magnetobacterium",6.24614431280902,0.024389756102439,0.183185426210254
"Candidatus Manganitrophus",4.37554221327863,0.0927490725092749,0.273505763344922
"Candidatus Methanofastidiosum",-0.931749838548406,0.461285387146129,0.65191268168249
"Candidatus Methanomethylicus",-1.49052861598643,0.030119698803012,0.208819946539989
"Candidatus Methanoperedens",3.82843154409286,0.12069879301207,0.273505763344922
"Candidatus Methylomirabilis",16.2834858342284,9.99990000099999e-06,0.000288038356729835
"Candidatus Methylophosphatis",7.23702311740201,0.00857991420085799,0.0832370842958237
"Candidatus Methylumidiphilus",5.62258846186868,0.037859621403786,0.236115585272719
"Candidatus Moduliflexus",3.59868920132697,0.171228287717123,0.346173542606108
"Candidatus Nitricoxidivorans",5.53403558012855,0.033739662603374,0.220319058491658
"Candidatus Nitrobium",4.50992501632804,0.110728892711073,0.273505763344922
"Candidatus Nitronereus",12.9237542916064,9.99990000099999e-06,0.000288038356729835
"Candidatus Nitrosacidococcus",-1.23966546624962,0.105788942110579,0.273505763344922
"Candidatus Nitrosocaldus",0.170485242467168,0.894251057489425,0.959707566477519
"Candidatus Nitrosocosmicus",6.63489433378021,0.048769512304877,0.266518741062589
"Candidatus Nitrosopelagicus",7.69484138837552,0.004209957900421,0.0457689586528259
"Candidatus Nitrosotenuis",19.6985104550309,9.99990000099999e-06,0.000288038356729835
"Candidatus Odyssella",9.89658781440657,0.001469985300147,0.019465113405738
"Candidatus Polarisedimenticola",-0.912057526103647,0.472645273547265,0.658967512121286
"Candidatus Promineifilum",1.22373569540567,0.483055169448306,0.668808792586009
"Candidatus Protochlamydia",-0.951466490507367,0.38369616303837,0.583268269602396
"Candidatus Roseilinea",-1.46485148275728,0.0572894271057289,0.273505763344922
"Candidatus Scalindua",4.0336042680453,0.11429885701143,0.273505763344922
"Candidatus Segetimicrobium",11.4801052159519,2.9999700003e-05,0.000722578981106741
"Candidatus Solibacter",3.74233960027337,0.182948170518295,0.36003559851963
"Candidatus Sulfopaludibacter",7.24425617839884,0.013139868601314,0.113311089111331
"Candidatus Sulfuritelmatomonas",0.69726144558781,0.675443245567544,0.833195774002525
"Candidatus Tenderia",5.51879058490341,0.03159968400316,0.21506143292078
"Candidatus Thiosymbion",1.68140322252289,0.391046089539105,0.586944205745912
"Candidatus Vecturithrix",3.53996223115278,0.141608583914161,0.300649227550278
"Candidatus Viridilinea",-0.411977721438865,0.891791082089179,0.959707566477519
"Candidatus Vondammii",-1.18823790814908,0.18509814901851,0.3631771266557
"Capillimicrobium",13.5089550770514,9.99990000099999e-06,0.000288038356729835
"Capsulimonas",-0.0898468239353916,0.958370416295837,0.971232115752836
"Casimicrobium",1.64969757792721,0.401885981140189,0.595489368542158
"Castellaniella",0.980898260763958,0.621163788362116,0.803451206580021
"Catellatospora",-0.158910146758452,0.918250817491825,0.963145421019553
"Caulifigura",-0.380513515384077,0.906970930290697,0.960241295654493
"Cellulomonas",2.63144680317808,0.217147828521715,0.387445065523802
"Ceratobasidium",-0.18891164078227,0.898061019389806,0.959707566477519
"Chelativorans",0.0820124480823375,0.936370636293637,0.966598734455951
"Chelatococcus",10.6453958777052,0.000119998800012,0.00219135063551325
"Chiayiivirga",0.115976051628894,0.911970880291197,0.960903123724134
"Chitinibacter",-0.681576939804979,0.766012339876601,0.89699852372809
"Chitinimonas",11.2698111778643,4.99995000049999e-05,0.00104252688816395
"Chitiniphilus",0.418386956373208,0.703862961370386,0.849584748212993
"Chlorobaculum",0.500568448886025,0.711912880871191,0.855520253399617
"Chlorobium",3.02473295002888,0.222387776122239,0.392196115893731
"Chloroflexus",5.33869323507764,0.040749592504075,0.243923845262609
"Chlorovirus",-1.48667040483025,0.033389666103339,0.220319058491658
"Chondromyces",3.74682192523061,0.120048799512005,0.273505763344922
"Chroococcidiopsis",0.186775390201729,0.871451285487145,0.955490460708196
"Chryseolinea",2.62154238142996,0.245727542724573,0.410378215404935
"Chthoniobacter",8.12614140085443,0.003169968300317,0.0354275657243428
"Chthonomonas",-1.23643817424304,0.129618703812962,0.280305463199238
"Citromicrobium",-1.48043717675501,0.038959610403896,0.238896865417311
"Cladocopium",-0.443248918225422,0.864411355886441,0.95507057567655
"Clonorchis",-1.20910925731128,0.148208517914821,0.311115401242682
"Cognatilysobacter",-0.928828009274294,0.443085569144309,0.634569453485793
"Cohnella",3.35287145845027,0.145978540214598,0.307126537168363
"Colias",-1.45447891271925,0.0679093209067909,0.273505763344922
"Collimonas",6.66144455581288,0.014649853501465,0.121903661915762
"Collinsella",8.95588846098487,0.000949990500094999,0.0134734693262204
"Conexibacter",17.7444013500705,9.99990000099999e-06,0.000288038356729835
"Coraliomargarita",-0.0604233098654074,0.970570294297057,0.977215640456208
"Corallococcus",6.73506885716126,0.014659853401466,0.121903661915762
"Corynebacterium",4.55380862612393,0.0954890451095489,0.273505763344922
"Crenobacter",3.48463269399215,0.202917970820292,0.377724959452533
"Crenothrix",3.89152788089056,0.120008799912001,0.273505763344922
"Croceibacter",-1.46929682486438,0.0517694823051769,0.273505763344922
"Cronobacter",1.53061177576184,0.401965980340197,0.595489368542158
"Curtobacterium",4.55040384718273,0.0668793312066879,0.273505763344922
"Cyclobacterium",-1.47200826771174,0.048759512404876,0.266518741062589
"Cydia",-1.44260443651811,0.0830191698083019,0.273505763344922
"Cylindrospermopsis",-0.390444557349679,0.909070909290907,0.960281331024119
"Cypionkella",-1.477403796414,0.042389576104239,0.247257777944141
"Cystobacter",1.85401932665206,0.385306146938531,0.583270030862225
"Dactylosporangium",5.88993733783612,0.030709692903071,0.211858967830075
"Dechloromonas",6.53961290126378,0.020909790902091,0.165349476448738
"Deferrisoma",0.37759639725927,0.725052749472505,0.866465946118982
"Dehalococcoides",3.70151730985953,0.16079839201608,0.331626956793163
"Dehalogenimonas",-0.685982117211081,0.759582404175958,0.892156736272066
"Deinococcus",11.5119802711861,3.9999600004e-05,0.000894071059289407
"Denitrovibrio",-0.680449698067682,0.761432385676143,0.893883229234935
"Dermatobacter",-0.962225693047106,0.32849671503285,0.51942264957656
"Desertibaculum",14.4317215753011,9.99990000099999e-06,0.000288038356729835
"Desertimonas",1.71600055961061,0.384576154238458,0.583270030862225
"Desulfarculus",2.85985898040392,0.222487775122249,0.392196115893731
"Desulfatiglans",0.655855275778592,0.664793352066479,0.824060614762087
"Desulfatitalea",1.77487912166322,0.390886091139089,0.586944205745912
"Desulfobacca",0.396415175813661,0.718732812671873,0.862232494034012
"Desulfobotulus",0.117890679077055,0.905040949590504,0.960241295654493
"Desulfobulbus",3.71585259213024,0.112268877311227,0.273505763344922
"Desulfoferrobacter",0.105926840568952,0.917070829291707,0.963145421019553
"Desulfofundulus",-0.946293703770928,0.442865571344287,0.634569453485793
"Desulfolithobacter",-1.4879934879212,0.031159688403116,0.213725166669902
"Desulfomonile",5.33047465580552,0.0526894731052689,0.273505763344922
"Desulfopila",0.0592005879795845,0.948980510194898,0.969138634637045
"Desulfosporosinus",3.8008746464098,0.116238837611624,0.273505763344922
"Desulfovibrio",6.004036220366,0.026089739102609,0.191324753419132
"Desulfurivibrio",1.58133865483124,0.403625963740363,0.596052295291001
"Desulfurococcus",-1.21320230857173,0.143538564614354,0.303823295100382
"Desulfuromonas",9.68098719469328,0.000159998400016,0.00272582640027258
"Dethiobacter",-0.956249691461523,0.376616233837662,0.576583976625987
"Diaphorobacter",7.71403336106364,0.002189978100219,0.0262609391073471
"Diatraea",-1.48275275843508,0.037349626503735,0.234882010730455
"Dictyobacter",0.735614606334919,0.65380346196538,0.823205654601196
"Diorhabda",-1.48447167151532,0.034449655503445,0.224364423022436
"Ditylenchus",9.04700596057899,0.000419995800042,0.00644762783141399
"Dongia",7.66355980714138,0.00687993120068799,0.06990010099899
"Dorcoceras",11.0895987330188,1.9999800002e-05,0.000512655423904477
"Drechslerella",-0.953785746362252,0.381436185638144,0.581782982606379
"Ectopseudomonas",3.69021965883336,0.128948710512895,0.279505583532217
"Ectothiorhodospira",3.16343694529875,0.178128218717813,0.354732888879237
"Edaphobacter",6.65297061057409,0.023529764702353,0.181228568149101
"Egibacter",2.25677951613363,0.28819711802882,0.463837988348227
"Egicoccus",-0.991368151290222,0.297677023229768,0.476993830979121
"Elaphomyces",0.495757917092286,0.679433205667943,0.834433572147795
"Eleftheria",0.129662910832991,0.897791022089779,0.959707566477519
"Elioraea",5.99203575935006,0.032779672203278,0.219908327232517
"Embleya",-1.48642164412419,0.033219667803322,0.220319058491658
"Engelhardtia",0.699553113677187,0.65960340396596,0.823205654601196
"Enhygromyxa",0.396077679380537,0.717462825371746,0.861078665845644
"Eumeta",-1.46953753333025,0.051249487505125,0.273505763344922
"Euphydryas",-1.22190636545235,0.158358416415836,0.328961647186502
"Euzebya",-0.402866709136132,0.89040109598904,0.959707566477519
"Faecalibacterium",0.457997652597766,0.688853111468885,0.84081477962513
"Falsihalocynthiibacter",0.0648117737980822,0.948590514094859,0.969138634637045
"Falsiroseomonas",2.55828226717049,0.231077689223108,0.398863597570921
"Ferribacterium",1.69016347024974,0.361046389536105,0.558253244252284
"Ferrimicrobium",8.10844799436779,0.001989980100199,0.0242794951963144
"Ferrovum",7.3718637382516,0.00873991260087399,0.0839151745939585
"Fervidibacter",-0.735507397759058,0.648743512564874,0.820176187378398
"Fibrella",0.215200375867969,0.869641303586964,0.955490460708196
"Fimbriiglobus",1.39267482134732,0.443165568344317,0.634569453485793
"Finegoldia",-0.364464026101246,0.908420915790842,0.960281331024119
"Flammeovirga",-0.323988784845718,0.933990660093399,0.9665633073399
"Flavimobilis",-0.707177632125426,0.733292667073329,0.873372323395266
"Flavisolibacter",-0.660624535577883,0.806361936380636,0.925626643487057
"Flavonifractor",8.10198518190983,0.001959980400196,0.0241241640447032
"Fluviibacter",-1.22937195500486,0.138878611213888,0.295526915256362
"Fodinicurvata",-1.18311736688482,0.178128218717813,0.354732888879237
"Fontimonas",6.34925431248062,0.023349766502335,0.181182509504545
"Frankia",7.29042198603818,0.00505994940050599,0.0533490514151462
"Frateuria",1.04981519529727,0.592514074859251,0.774314464526075
"Frigoriglobus",2.52520382288688,0.248317516824832,0.413467903461609
"Fuerstiella",-0.6579477165768,0.79070209297907,0.913278895321836
"Gaiella",11.6994544453138,2.9999700003e-05,0.000722578981106741
"Galleria",-1.47600951154841,0.042839571604284,0.248327309258028
"Gallionella",8.72635241100106,0.002129978700213,0.025762599516862
"Geitlerinema",-0.375550421635248,0.900330996690033,0.959707566477519
"Geminicoccus",-0.377930250788153,0.899631003689963,0.959707566477519
"Gemmata",10.9257386614956,3.9999600004e-05,0.000894071059289407
"Gemmatirosa",1.33075575886195,0.49590504094959,0.679569643734656
"Geobacter",12.8306041945887,9.99990000099999e-06,0.000288038356729835
"Geodia",1.22080881018507,0.49159508404916,0.676276053586091
"Geomonas",4.40115705438029,0.0952890471095289,0.273505763344922
"Georgenia",3.64391613409435,0.118438815611844,0.273505763344922
"Georgfuchsia",2.09174986547786,0.365466345336547,0.562596677063532
"Geotalea",1.79349627146384,0.404025959740403,0.596293234533336
"Glaciimonas",3.48750490188742,0.142958570414296,0.302825053629676
"Globisporangium",1.54279382246635,0.398466015339847,0.59301238723502
"Gloeobacter",1.25394536001056,0.514174858251418,0.694683053169468
"Gloeomargarita",-1.21993274001569,0.145078549214508,0.305967332483538
"Glutamicibacter",-0.906590549247808,0.478925210747893,0.66509859491569
"Glycomyces",-0.495157084547285,0.824881751182488,0.937258890932848
"Gracilimonas",-1.20358082752868,0.159788402115979,0.330702811490404
"Granulicella",2.47413304013909,0.260057399426006,0.427411984703682
"Granulosicoccus",-0.117083804200905,0.948410515894841,0.969138634637045
"Hahella",1.79748735166156,0.381886181138189,0.581782982606379
"Halalkalibaculum",-0.689089325097171,0.762832371676283,0.894774830589226
"Haliangium",2.17874088943036,0.333126668733313,0.524310252392972
"Haloarchaeobius",-1.48988229819518,0.028939710602894,0.202650504823273
"Halobacillus",-1.22977196149363,0.144328556714433,0.305264184299868
"Halochromatium",0.961215014274367,0.626553734462655,0.806814153056626
"Halodesulfurarchaeum",-1.49783229860076,0.023649763502365,0.181228568149101
"Haloechinothrix",5.38798978430351,0.04089959100409,0.243923845262609
"Halogeometricum",-1.47154252362651,0.048729512704873,0.266518741062589
"Hartmannibacter",-1.48260476116734,0.037839621603784,0.236115585272719
"Heliothis",-1.46458725344107,0.0575494245057549,0.273505763344922
"Herminiimonas",7.56353743802042,0.00867991320086799,0.0836264740800868
"Herpetosiphon",0.178784824166742,0.871541284587154,0.955490460708196
"Hipposideros",-0.658605583740075,0.814031859681403,0.931091475004202
"Hiyaavirus",0.182820630812927,0.879971200287997,0.956669079223605
"Hormoscilla",-1.49477192600747,0.026529734702653,0.192465588297485
"Hoyosella",3.6644565394848,0.121378786212138,0.273505763344922
"Hyalangium",4.55784522736381,0.0620893791062089,0.273505763344922
"Hydrocarboniphaga",13.9616340225729,1.9999800002e-05,0.000512655423904477
"Hypericibacter",3.56461404375012,0.119708802911971,0.273505763344922
"Iamia",9.80156542836668,0.000119998800012,0.00219135063551325
"Ichthyobacterium",-1.4922030894745,0.027819721802782,0.19828648652289
"Ideonella",12.3853182814252,9.99990000099999e-06,0.000288038356729835
"Ignavibacterium",0.134964233367985,0.906930930690693,0.960241295654493
"Ilumatobacter",5.71427106993531,0.02409975900241,0.182212285985248
"Imhoffiella",0.673768654708246,0.671893281067189,0.830650366062711
"Immundisolibacter",15.0669136392102,9.99990000099999e-06,0.000288038356729835
"Inhella",8.78892288494666,0.001629983700163,0.0212811890572683
"Iningainema",0.186133662758826,0.87340126598734,0.955490460708196
"Inmirania",2.84988874608166,0.213887861121389,0.386048245460698
"Inquilinus",2.59920582600879,0.239557604423956,0.40532890070615
"Intrasporangium",0.958309705201812,0.629563704362956,0.807086250238415
"Iodobacter",1.99431266960632,0.35089649103509,0.5474219629663
"Iris",-1.20905386827586,0.159608403915961,0.3305751523656
"Isosphaera",-0.430505228248303,0.870721292787072,0.955490460708196
"Ixodes",8.67898854673717,0.002209977900221,0.026275226609436
"Janibacter",3.98110533714571,0.120188798112019,0.273505763344922
"Jatrophihabitans",2.32125337073742,0.255777442225578,0.423482080345073
"Jiangella",5.40237841111057,0.034769652303477,0.22513464680168
"Jimgerdemannia",-1.20969798261159,0.156488435115649,0.325561197105825
"Kaistia",0.620839223634108,0.688953110468895,0.84081477962513
"Kallotenue",-0.154620560947319,0.918960810391896,0.963145421019553
"Ketobacter",-1.20769640575104,0.164328356716433,0.337102370532829
"Ketogulonicigenium",3.3725901186765,0.169688303116969,0.345057582903065
"Kibdelosporangium",-0.429392125121548,0.874431255687443,0.955490460708196
"Kineococcus",0.0823092777383978,0.927980720192798,0.965985923008554
"Kitasatospora",7.78238803819611,0.00518994810051899,0.0545139661385341
"Knoellia",-1.48359369964332,0.036449635503645,0.231455185448145
"Kolteria",4.60400970060467,0.111338886611134,0.273505763344922
"Komagataeibacter",0.179868768468438,0.868681313186868,0.955490460708196
"Kouleothrix",5.21495116292243,0.0584694153058469,0.273505763344922
"Kovacikia",-0.643831799349051,0.826381736182638,0.938581532883858
"Kribbella",2.91373349096926,0.211617883821162,0.385684484079037
"Ktedonobacter",3.1150689749501,0.187768122318777,0.364147045552445
"Kumtagia",-1.47641650235501,0.043619563804362,0.250767615780632
"Kutzneria",5.05074872361484,0.0632693673063269,0.273505763344922
"Labilithrix",5.27771901419008,0.045979540204598,0.259456357049333
"Laccaria",-1.48731957568279,0.031789682103179,0.21506143292078
"Lacisediminimonas",-0.355728805896488,0.918610813891861,0.963145421019553
"Lamprocystis",5.07421231008542,0.0537594624053759,0.273505763344922
"Lapillicoccus",-0.943280356965627,0.38909610903891,0.585410830498799
"Larimichthys",-1.48136127027676,0.038149618503815,0.237394285299909
"Legionella",6.76324605760719,0.01289987100129,0.111585881045214
"Lentzea",4.41068123916449,0.0888291117088829,0.273505763344922
"Leptidea",-1.46164327548582,0.0593894061059389,0.273505763344922
"Leptodesmis",-0.952390556415749,0.398316016839832,0.59301238723502
"Leptospirillum",7.0606548714229,0.00914990850091499,0.086367717403907
"Leptothrix",5.10249527662117,0.0546394536054639,0.273505763344922
"Levilinea",-1.47940257326156,0.039279607203928,0.239033097738437
"Lichenibacterium",0.285407736310466,0.845651543484565,0.946555746273073
"Lichenifustis",-0.714815570278815,0.689143108568914,0.84081477962513
"Lignipirellula",0.744362964420503,0.645143548564514,0.817648450895364
"Limisphaera",-1.26025757833306,0.101408985910141,0.273505763344922
"Limnochorda",0.370541678777899,0.7250027499725,0.866465946118982
"Limnofasciculus",-0.0876291563163331,0.966510334896651,0.975236502600666
"Limnoglobus",0.186959464586425,0.835491645083549,0.942415686864528
"Liparis",-0.903985064308637,0.508514914850852,0.690039180229859
"Litchfieldella",0.352979073509805,0.73880261197388,0.877644307669073
"Litorivivens",2.92738189596908,0.214287857121429,0.386271143740175
"Longilinea",-1.23982003679942,0.103488965110349,0.273505763344922
"Longimicrobium",7.60946494071271,0.003519964800352,0.038719612803872
"Longispora",0.920237942620714,0.618023819761802,0.801280070725975
"Luteipulveratus",0.692052797031529,0.658673413265867,0.823205654601196
"Luteolibacter",3.39896743884562,0.13239867601324,0.283465058069726
"Lyngbya",-0.643738934732709,0.829411705882941,0.939519822475063
"Macaca",-1.48434866978396,0.035559644403556,0.227353882067587
"Macrostomum",2.76272778526935,0.209777902220978,0.384825280758325
"Magnetovibrio",4.84410710925605,0.0594294057059429,0.273505763344922
"Maioricimonas",-0.698315479778015,0.721422785772142,0.864346167859076
"Mangrovibacterium",1.91935960994094,0.394686053139469,0.590022917320318
"Mangrovicoccus",-0.698132947147185,0.724882751172488,0.866465946118982
"Marichromatium",4.08928232797358,0.124978750212498,0.274780887124252
"Marilutibacter",1.21989148483703,0.525554744452555,0.703256683908257
"Mariniblastus",-0.175638940213699,0.906440935590644,0.960241295654493
"Marinimicrobium",0.0732123659542976,0.940510594894051,0.967877201522644
"Marinobacter",10.7753795060395,6.99993000069999e-05,0.0013969860301397
"Marmoricola",-0.417712421294797,0.885551144488555,0.958715478685647
"Melioribacter",-1.21603813746189,0.144578554214458,0.30533067307271
"Melitaea",-1.44229497532398,0.0833791662083379,0.273505763344922
"Menopon",-0.138817653551757,0.931890681093189,0.9665633073399
"Mesoaciditoga",-0.937098527616527,0.40929590704093,0.601880402248609
"Metallibacterium",1.88108026930363,0.391856081439186,0.587333375995999
"Methanobacterium",-0.392450930978592,0.893011069889301,0.959707566477519
"Methanocaldococcus",-0.967165760167746,0.343126568734313,0.537988570731577
"Methanocella",-0.416250071110862,0.881691183088169,0.957049403864936
"Methanosarcina",0.393464848860061,0.733332666673333,0.873372323395266
"Methylobrevis",1.19425966689535,0.520074799252008,0.698936502698465
"Methylocaldum",11.0487169610703,5.99994000059999e-05,0.00122363739866251
"Methyloceanibacter",7.04646750612893,0.016619833801662,0.134596567077807
"Methylococcus",10.9788268087428,1.9999800002e-05,0.000512655423904477
"Methylocystis",4.8286634820415,0.0640893591064089,0.273505763344922
"Methyloglobulus",5.46401030167838,0.044909550904491,0.255035132575503
"Methylohalobius",4.87344108143832,0.0561494385056149,0.273505763344922
"Methylohalomonas",7.92764640322312,0.00784992150078499,0.0785680795674313
"Methylomagnum",0.944888681857525,0.632333676663233,0.808028984182038
"Methylomicrobium",2.01726846273172,0.354346456535435,0.550164142803016
"Methylonatrum",-0.922772822687136,0.452485475145249,0.643708970242273
"Methylophaga",5.24980521990026,0.0525594744052559,0.273505763344922
"Methylorubrum",1.30243251522457,0.471765282347177,0.658068995945088
"Methylosarcina",0.37944177191077,0.703932960670393,0.849584748212993
"Methyloterricola",6.3609596974952,0.02259977400226,0.177370136410995
"Methylotetracoccus",0.916348509585863,0.632063679363206,0.808028984182038
"Methylovirgula",0.410001805020784,0.744032559674403,0.880485799123373
"Methylovulum",10.3543895449989,0.000109998900011,0.00206266393711902
"Microbacterium",11.8582139579969,9.99990000099999e-06,0.000288038356729835
"Microbispora",-0.375698944556997,0.911270887291127,0.960903123724134
"Microcella",0.375541018373536,0.716072839271607,0.859779764901105
"Microlunatus",1.17372877996232,0.483815161848382,0.669529253196819
"Micropruina",-0.936935779514704,0.428485715142849,0.62318798548884
"Microseira",-0.387653399752452,0.892971070289297,0.959707566477519
"Microvirga",11.0679193472296,3.9999600004e-05,0.000894071059289407
"Miltoncostaea",7.19311192079516,0.00790992090079099,0.0785680795674313
"Mobilicoccus",-0.694782343016205,0.739122608773912,0.877644307669073
"Modestobacter",0.433080844748468,0.690543094569054,0.842155131482295
"Moorena",-0.327898854081006,0.935870641293587,0.966598734455951
"Moraxella",0.594832148664637,0.693343066569334,0.843361135391694
"Moritella",0.170149353412587,0.859791402085979,0.953398616807483
"Motilibacter",-0.447158499913189,0.859011409885901,0.953398616807483
"Motiliproteus",-0.115675456754842,0.942250577494225,0.96792642367694
"Mycolicibacterium",13.4944659492852,9.99990000099999e-06,0.000288038356729835
"Myotis",-1.45680019407952,0.0665493345066549,0.273505763344922
"Nakamurella",5.7474884175051,0.023089769102309,0.17970143418343
"Natronococcus",-1.485671014265,0.035139648603514,0.225952878085898
"Natronospira",2.35513925518979,0.258387416125839,0.425734787463446
"Natronospirillum",2.07728811332104,0.361846381536185,0.55856286741
"Neoroseomonas",-0.122998690846573,0.940440595594044,0.967877201522644
"Neptuniibacter",-0.693907245802341,0.752382476175238,0.887613460432245
"Neptunomonas",-0.420954838095296,0.885941140588594,0.958715478685647
"Nitratireductor",3.16510343622917,0.19169808301917,0.368969795150533
"Nitriliruptor",2.63280511024252,0.21519784802152,0.38666417194349
"Nitrococcus",5.00932771462265,0.0589294107058929,0.273505763344922
"Nitrosarchaeum",13.7766449243527,9.99990000099999e-06,0.000288038356729835
"Nitrosococcus",6.20381005536678,0.024129758702413,0.182212285985248
"Nitrosopumilus",17.2651871721766,9.99990000099999e-06,0.000288038356729835
"Nitrososphaera",14.9395827006948,9.99990000099999e-06,0.000288038356729835
"Nitrosospira",16.4030941529868,9.99990000099999e-06,0.000288038356729835
"Nitrosotalea",16.5220984538985,9.99990000099999e-06,0.000288038356729835
"Nitrospina",3.97965456888499,0.111578884211158,0.273505763344922
"Niveibacterium",3.43966627634728,0.124438755612444,0.274780887124252
"Nocardioides",13.2070872275347,9.99990000099999e-06,0.000288038356729835
"Nocardiopsis",1.15193538420483,0.542054579454205,0.720570976973389
"Nodosilinea",2.36551639638963,0.272827271727283,0.443185696050016
"Nonlabens",-1.22790621501958,0.133618663813362,0.285857999000408
"Nonomuraea",8.92600705637005,0.000569994300056999,0.0085621724427917
"Nordella",-0.0766044181519292,0.963180368196318,0.973986952131926
"Nostoc",9.68470492231309,0.000249997500025,0.00396871031289687
"Novacetimonas",-0.649351001565395,0.80870191298087,0.927931476332054
"Novilysobacter",-0.0959762135630623,0.956270437295627,0.970365258234895
"Novipirellula",2.00140280981756,0.352746472535275,0.548455005155012
"Oceanococcus",6.47401007185568,0.017509824901751,0.140986889842917
"Oceanospirillum",1.87116102692158,0.381886181138189,0.581782982606379
"Octopus",-1.47800128564535,0.041779582204178,0.246565087091745
"Oleomonas",-0.189388764537009,0.900590994090059,0.959707566477519
"Oligoflexus",-0.662696142773201,0.789752102478975,0.912936439522655
"Opitutus",2.94793004212354,0.216417835821642,0.387445065523802
"Oryza",1.72096908880447,0.427245727542725,0.622168101235654
"Oryzisolibacter",-1.21018194941,0.14919850801492,0.312489228930799
"Oscillochloris",1.71950277449086,0.388526114738853,0.585153491137502
"Ostreobium",-1.48394041828273,0.034659653403466,0.22513464680168
"Ostrinia",-1.41921792238352,0.105508944910551,0.273505763344922
"Pacificispira",-0.369067753563185,0.914670853291467,0.962195167204955
"Paenacidovorax",1.34377613405334,0.481385186148139,0.667157842310466
"Paenarthrobacter",1.15309474165163,0.522944770552294,0.701443921710567
"Paenirhizobium",-0.95989432247992,0.363026369736303,0.559457075037634
"Paludibaculum",2.70848243910931,0.2949970500295,0.473418585745217
"Paludisphaera",3.73750444208695,0.112818871811282,0.273505763344922
"Panacagrimonas",11.3176742691137,4.99995000049999e-05,0.00104252688816395
"Parabacteroides",-0.968656718614253,0.361406385936141,0.55847007035734
"Paraconexibacter",15.764211418135,9.99990000099999e-06,0.000288038356729835
"Paracraurococcus",0.62933952331488,0.66540334596654,0.824085526875228
"Paractinoplanes",0.976444908420585,0.627323726762732,0.807048863213025
"Parafrankia",0.913480006933677,0.639633603663963,0.813073834684765
"Paraliomyxa",0.614104289162744,0.666383336166638,0.824933558373765
"Paramagnetospirillum",5.48647736530643,0.033719662803372,0.220319058491658
"Pararge",-1.47875122334706,0.040379596204038,0.243569331548064
"Pararhizobium",-1.18850194113511,0.170528294717053,0.345602196151951
"Parathalassolituus",-1.48367631825981,0.035939640603594,0.229258803302378
"Parendozoicomonas",-0.106080565089751,0.94860051399486,0.969138634637045
"Parnassius",-1.44126701753034,0.0850491495085049,0.273505763344922
"Parvibaculum",6.59265641992855,0.014419855801442,0.120625979368949
"Patulibacter",12.0294753504113,6.99993000069999e-05,0.0013969860301397
"Pedosphaera",11.198476944829,2.9999700003e-05,0.000722578981106741
"Pelagibius",7.69498618847003,0.00857991420085799,0.0832370842958237
"Pelagomonas",0.425999564453485,0.702882971170288,0.849418261872745
"Pelodictyon",-1.46106768669582,0.0618693813061869,0.273505763344922
"Pelomicrobium",12.9470951537802,9.99990000099999e-06,0.000288038356729835
"Pelotomaculum",5.40028800641695,0.04089959100409,0.243923845262609
"Peristeroidobacter",6.30487202707007,0.026449735502645,0.192465588297485
"Persephonella",-1.20709584650933,0.164058359416406,0.33704342368341
"Petrachloros",-1.2074205056839,0.157178428215718,0.326753369371068
"Phaeobacter",-0.919508736918405,0.466905330946691,0.654944042334903
"Phaeodactylibacter",0.864630905814546,0.642593574064259,0.815723055854403
"Phaseolus",-1.48028434139084,0.039359606403936,0.239033097738437
"Phreatobacter",2.44996317210172,0.2709972900271,0.440725511254783
"Physcomitrium",5.7107956495751,0.041119588804112,0.243923845262609
"Phytoactinopolyspora",-0.365221144774396,0.904980950190498,0.960241295654493
"Phytohabitans",2.58744493983703,0.21959780402196,0.390500974584677
"Pinibacter",-1.48648832296832,0.03289967100329,0.219908327232517
"Pirellula",0.905513579287577,0.631513684863151,0.807898001606065
"Pirellulimonas",2.11496618974295,0.336446635533645,0.528107808809552
"Piscinibacter",16.4416988398096,9.99990000099999e-06,0.000288038356729835
"Planctellipticum",0.661089796737701,0.655583444165558,0.823205654601196
"Planctomicrobium",-0.366869936942292,0.911830881691183,0.960903123724134
"Planctomyces",4.39262148143064,0.0736992630073699,0.273505763344922
"Plantibacter",0.948438223362251,0.626393736062639,0.806814153056626
"Plasticicumulans",10.8408751439628,4.99995000049999e-05,0.00104252688816395
"Plutella",-1.45312559307396,0.0699993000069999,0.273505763344922
"Polyangium",9.80474742048365,0.000209997900021,0.00347179960153061
"Polycyclovorans",6.420892218933,0.02429975700243,0.183001404487303
"Pontiella",-0.623629433560256,0.84730152698473,0.946555746273073
"Posidoniimonas",-0.668246622496242,0.787072129278707,0.912102666613317
"Povalibacter",7.11382345872532,0.00854991450085499,0.0832370842958237
"Prevotella",2.6812915734974,0.22979770202298,0.398067401843031
"Propionibacterium",-0.446864003124825,0.858341416585834,0.953182002361216
"Prosthecobacter",4.50118199563268,0.0615293847061529,0.273505763344922
"Prosthecochloris",-0.444042631645254,0.875581244187558,0.955490460708196
"Protofrankia",6.21588238519071,0.024769752302477,0.185044620142034
"Pseudacidovorax",-0.696172636374603,0.753232467675323,0.887613460432245
"Pseudanabaena",5.96485977524051,0.028309716902831,0.200458653641312
"Pseudaquabacterium",12.5609673412732,9.99990000099999e-06,0.000288038356729835
"Pseudobythopirellula",-0.743379850517586,0.629723702762972,0.807086250238415
"Pseudocalidococcus",-1.47505906337767,0.044179558204418,0.252946077096606
"Pseudoclavibacter",-1.23646333635007,0.127888721112789,0.278461530026444
"Pseudoflavonifractor",0.46702085952918,0.691833081669183,0.842685845155498
"Pseudolabrys",6.0743626714834,0.026919730802692,0.193351485508281
"Pseudomaricurvus",2.66314853503319,0.213847861521385,0.386048245460698
"Pseudomarimonas",2.99212963285236,0.209007909920901,0.384825280758325
"Pseudothauera",3.74403264216615,0.124908750912491,0.274780887124252
"Psychromonas",-0.953659462474434,0.388706112938871,0.585153491137502
"Puniceicoccus",-1.19715319613829,0.167148328516715,0.34188318438924
"Pyrinomonas",1.29641110266419,0.480825191748083,0.667043488452901
"Pyxidicoccus",11.7041285197497,9.99990000099999e-06,0.000288038356729835
"Quadrisphaera",0.12897372835244,0.896591034089659,0.959707566477519
"Quatrionicoccus",2.76881570802756,0.215847841521585,0.387333891593647
"Quisquiliibacterium",10.3532640990543,3.9999600004e-05,0.000894071059289407
"Raineya",-1.48565093798269,0.033279667203328,0.220319058491658
"Rathayibacter",-0.656806163770896,0.822171778282217,0.93570181202465
"Reinekea",-0.0754524903335784,0.965710342896571,0.975236502600666
"Rhabdothermincola",2.34835948479249,0.253227467725323,0.419891717996767
"Rheinheimera",2.71453829427395,0.220437795622044,0.390500974584677
"Rhinolophus",-0.900196855607927,0.476115238847612,0.662153298825399
"Rhizobacter",13.1973451883965,9.99990000099999e-06,0.000288038356729835
"Rhizocola",2.04787853022859,0.344326556734433,0.539405749440263
"Rhizoctonia",-1.21689488631871,0.148708512914871,0.311696612966353
"Rhizomicrobium",-0.200026000962349,0.896921030789692,0.959707566477519
"Rhodobacter",12.6324419942548,1.9999800002e-05,0.000512655423904477
"Rhodocaloribacter",0.964292378026888,0.6290037099629,0.807086250238415
"Rhodocytophaga",-0.671908069888755,0.78170218297817,0.909273896436723
"Rhodoligotrophos",2.38204594013365,0.271157288427116,0.440729182004282
"Rhodopila",2.65595835173297,0.232817671823282,0.400245948340025
"Rhodopirellula",-0.685305479881048,0.746182538174618,0.882656228475818
"Rhodoplanes",7.18923009014363,0.00983990160098399,0.0919487795088604
"Rhodopseudomonas",2.89380189325582,0.213877861221388,0.386048245460698
"Rhodothermus",0.682732862491634,0.66390336096639,0.824060614762087
"Rhodovibrio",-1.20999498738613,0.148528514714853,0.311553055640615
"Ricinus",5.02483069130872,0.0557694423055769,0.273505763344922
"Rivibacter",6.85817158846747,0.012519874801252,0.109314156858431
"Rohdeia",-0.298101403165965,0.940350596494035,0.967877201522644
"Roseibium",0.730979503361052,0.657493425065749,0.823205654601196
"Roseiconus",-0.97061705971219,0.344906550934491,0.539870534067769
"Roseiflexus",-0.134928978549363,0.942290577094229,0.96792642367694
"Roseimaritima",-0.945872960912695,0.378366216337837,0.5783124772691
"Roseimicrobium",1.51615482761787,0.392046079539205,0.587333375995999
"Rubellimicrobium",3.54663686322275,0.131538684613154,0.282489688554306
"Rubrobacter",6.89562338167119,0.00863991360086399,0.0835291301066228
"Rudaea",4.87703677128629,0.0598594014059859,0.273505763344922
"Ruminococcus",-1.20712276097934,0.158748412515875,0.329385867240066
"Saccharopolyspora",0.65375877210362,0.680043199568004,0.834815773107647
"Saccharothrix",1.52260936736822,0.397716022839772,0.592966151448411
"Salinarimonas",0.96612605528451,0.636583634163658,0.811615743331618
"Salinibacter",0.369941892386192,0.723852761472385,0.866430479164159
"Salinisphaera",8.07903754268503,0.002369976300237,0.027939720602794
"Salmonirosea",0.192020343303296,0.857961420385796,0.953138850321238
"Salsipaludibacter",-0.96560889557872,0.324676753232468,0.514255583067752
"Sandaracinus",10.8962991444145,0.000119998800012,0.00219135063551325
"Schlesneria",2.06475694121671,0.352556474435256,0.548455005155012
"Scytonema",2.24236157336235,0.365786342136579,0.562779207009692
"Sedimenticola",6.70821909692486,0.011729882701173,0.104042197673261
"Sediminicurvatus",-0.40644291156658,0.894671053289467,0.959707566477519
"Segatella",-1.48464696870656,0.035259647403526,0.225952878085898
"Serpentinimonas",5.149123858138,0.0497295027049729,0.269271764646695
"Shinella",2.18258017998771,0.332776672233278,0.524310252392972
"Siculibacillus",-1.48237018080236,0.03739962600374,0.234882010730455
"Sideroxydans",2.71805340789949,0.214127858721413,0.386231915602084
"Silanimonas",4.61185001136713,0.0630193698063019,0.273505763344922
"Simkania",1.24392049669483,0.492555074449256,0.676930092479695
"Singulisphaera",3.10907038945503,0.213087869121309,0.386048245460698
"Sinimarinibacterium",12.4560042944112,9.99990000099999e-06,0.000288038356729835
"Sinomonas",0.910571248191722,0.645573544264557,0.817648450895364
"Sinorhizobium",5.30445958023574,0.042359576404236,0.247257777944141
"Siovirus",-1.48618810469319,0.033679663203368,0.220319058491658
"Skermanella",7.90392514842689,0.00580994190058099,0.0603456418967409
"Skermania",0.935165614279468,0.628443715562844,0.807086250238415
"Smaragdicoccus",5.46778362943293,0.037119628803712,0.234643083433419
"Smithella",11.2788590565172,5.99994000059999e-05,0.00122363739866251
"Solidesulfovibrio",-0.953404671549691,0.35949640503595,0.55616442728153
"Solihabitans",-1.48516495086645,0.03359966400336,0.220319058491658
"Solimonas",14.6927482487849,9.99990000099999e-06,0.000288038356729835
"Solirubrobacter",14.1410456990237,9.99990000099999e-06,0.000288038356729835
"Spectribacter",4.07064392381788,0.112168878311217,0.273505763344922
"Sphaerobacter",0.401154917986301,0.695143048569514,0.843687359913201
"Sphingobacterium",0.382286358496176,0.726642733572664,0.86762384512907
"Spirillospora",-1.47944588678673,0.039179608203918,0.239012719043115
"Spirochaeta",0.225520390959215,0.875881241187588,0.955490460708196
"Spiroplasma",-0.949897914239244,0.411985880141199,0.604563313610561
"Spodoptera",-1.47320083057722,0.046719532804672,0.261068749312507
"Spongiibacter",4.49342206526434,0.0665293347066529,0.273505763344922
"Sporichthya",11.736785043819,2.9999700003e-05,0.000722578981106741
"Stagnimonas",7.75286155126004,0.00788992110078899,0.0785680795674313
"Stenotrophobium",10.1902875897953,0.000159998400016,0.00272582640027258
"Steroidobacter",8.7595724128074,0.001769982300177,0.0223770612972603
"Stigmatella",10.2765568678594,0.000109998900011,0.00206266393711902
"Stratiformator",-0.4270058537941,0.877871221287787,0.956051778524644
"Streptosporangium",3.18748209099785,0.19679803201968,0.372913983986006
"Strombidinopsis",-1.48535140075731,0.034809651903481,0.22513464680168
"Sulfoacidibacillus",-1.19945407627376,0.15449845501545,0.3223813915707
"Sulfuricaulis",15.2467853634271,9.99990000099999e-06,0.000288038356729835
"Sulfuricella",7.74104746797819,0.00739992600073999,0.0746404088305687
"Sulfuriflexus",6.62031126751717,0.014729852701473,0.122122280260877
"Sulfurifustis",8.50948795964209,0.001809981900181,0.0226775310722229
"Sulfurimicrobium",3.61554907733461,0.120558794412056,0.273505763344922
"Sulfurimonas",0.578863079704946,0.659593404065959,0.823205654601196
"Sulfuritalea",14.6000780927944,9.99990000099999e-06,0.000288038356729835
"Sulfurivermis",7.49419081308821,0.00885991140088599,0.0847760015550529
"Svornostia",11.5013695793657,3.9999600004e-05,0.000894071059289407
"Symbiobacterium",0.0882462551693747,0.930030699693003,0.966085144053799
"Symmachiella",-0.70215550260784,0.707022929770702,0.850765695616084
"Symplocastrum",-1.47876631788086,0.039809601903981,0.240753306752647
"Syntrophobacter",6.85947003332813,0.017979820201798,0.144355223114436
"Syntrophotalea",6.84517966698963,0.01809981900181,0.144902275905608
"Tabrizicola",0.203674979832034,0.87130128698713,0.955490460708196
"Taklimakanibacter",1.74260876304231,0.368866311336887,0.566270590041352
"Tannerella",-1.48702291141235,0.032269677303227,0.217256574422208
"Tautonia",2.39628596011644,0.261217387826122,0.428310669944944
"Telmatocola",0.547849513885823,0.62930370696293,0.807086250238415
"Tepidicella",-1.48174378938911,0.037649623503765,0.23585885217381
"Tepidiforma",-0.132000624912392,0.938550614493855,0.967642220256764
"Tepidiphilus",1.85677575014167,0.402855971440286,0.595958675333882
"Teredinibacter",1.03303288207759,0.619943800561994,0.802280212491993
"Terrimonas",-0.62594290501261,0.853221467785322,0.949383027077734
"Thalassobaculum",3.56938522182239,0.141578584214158,0.300649227550278
"Thalassococcus",-0.904717827183249,0.499075009249907,0.682500122161205
"Thalassoroseus",-0.405551492190366,0.888691113088869,0.959707566477519
"Thalassotalea",-1.19864848053007,0.168568314316857,0.343780927154232
"Thermaerobacter",4.52174797283007,0.108438915610844,0.273505763344922
"Thermalbibacter",-1.4733873598712,0.046059539404606,0.259456357049333
"Thermasporomyces",-0.985709683021179,0.314226857731423,0.499971435365373
"Thermoanaerobaculum",1.17068338257714,0.513684863151369,0.694683053169468
"Thermobaculum",-0.658877112018438,0.814711852881471,0.931278310938772
"Thermocoleostomius",-1.48088039831638,0.038929610703893,0.238896865417311
"Thermoflavifilum",-1.48048819602067,0.039439605603944,0.239033097738437
"Thermoflexus",0.935940861932618,0.644593554064459,0.817519015005038
"Thermogemmatispora",-0.94358007112742,0.423605763942361,0.618044127652718
"Thermogutta",0.853703534237933,0.655163448365516,0.823205654601196
"Thermoleophilum",7.99113471680062,0.002289977100229,0.0271110000764399
"Thermomonospora",2.05133716526241,0.347836521634784,0.54384736510777
"Thermorudis",-0.0282448878765762,0.989630103698963,0.990693840822251
"Thermotoga",5.19129602255828,0.0596894031059689,0.273505763344922
"Thermovibrio",-1.48766284907209,0.031779682203178,0.21506143292078
"Thioalbus",4.90070063047054,0.0579794202057979,0.273505763344922
"Thioalkalivibrio",9.18514816161033,0.000229997700023,0.00371452932869515
"Thiobaca",-0.720035362934511,0.680923190768092,0.835186687641464
"Thiobacillus",12.5052030998138,9.99990000099999e-06,0.000288038356729835
"Thiocystis",1.66870443595647,0.379806201937981,0.579878977166512
"Thiodictyon",7.75048230327794,0.002389976100239,0.027939720602794
"Thiohalobacter",7.58008305847442,0.004839951600484,0.0514175846834688
"Thiohalocapsa",5.29605480201099,0.041479585204148,0.245538053094045
"Thioploca",1.74922942781568,0.387316126838732,0.585061366214817
"Thiorhodococcus",4.09512558855666,0.109248907510925,0.273505763344922
"Thiosocius",2.66550835921068,0.238487615123849,0.404574618491824
"Thiothrix",7.00297078429426,0.00927990720092799,0.0872998677420633
"Thiovibrio",-0.182886300789525,0.906320936790632,0.960241295654493
"Tistlia",3.26143203559972,0.180058199418006,0.357014146170595
"Trebonia",-0.108399034569534,0.948870511294887,0.969138634637045
"Treponema",0.474588889027456,0.672553274467255,0.830891717608023
"Trichocoleus",2.79118433992186,0.227567724322757,0.396664105498248
"Trichonephila",-1.23098433426715,0.139868601313987,0.297407056370837
"Triticum",-1.19348224952044,0.170508294917051,0.345602196151951
"Tritonibacter",-0.0460904040624531,0.980520194798052,0.98368884174713
"Tuwongella",0.20732322256487,0.827921720782792,0.939519822475063
"Umezawaea",-0.676256874475323,0.759642403575964,0.892156736272066
"Urbifossiella",-0.115560843086257,0.944040559594404,0.968395842647078
"Usitatibacter",14.2539968033249,9.99990000099999e-06,0.000288038356729835
"Vandammella",-0.705654483481712,0.748932510674893,0.884785384704293
"Vineibacter",8.51889969455081,0.001789982100179,0.022527972918469
"Virgisporangium",0.074264434246971,0.94140058599414,0.96792642367694
"Viridibacterium",-1.23179646549411,0.114818851811482,0.273505763344922
"Vulgatibacter",1.81330906764848,0.388046119538805,0.585061366214817
"Wenjunlia",-1.233776217717,0.12989870101299,0.280475959719167
"Wenzhouxiangella",1.78396351200372,0.39689603103969,0.592375807011161
"Winogradskya",-1.23006689905263,0.12919870801292,0.27965690908544
"Woeseia",1.74126710090864,0.379446205537945,0.579646089815756
"Wolbachia",-1.17134375134908,0.192558074419256,0.369256870231572
"Xanthovirga",-0.668137563114458,0.79030209697903,0.913194399900501
"Xylocopilactobacillus",-1.4890474137861,0.031079689203108,0.213725166669902
"Yersinia",3.45135845661846,0.138848611513885,0.295526915256362
"Yoonia",1.78833404235209,0.385456145438546,0.583270030862225
"Zavarzinella",2.20525706541273,0.313976860231398,0.49985831765614
"Zea",2.10243485648329,0.337586624133759,0.529599678736509
"Zeimonas",8.89844002200194,0.001319986800132,0.0178166334278686
"Zoogloea",9.62437366343962,0.000159998400016,0.00272582640027258
"Acetonema",0.0620814253060479,0.948260517394826,0.969138634637045
"Acidicapsa",1.54281103290126,0.42749572504275,0.622168101235654
"Acidiferrobacter",2.64867275684338,0.230517694823052,0.398802748814617
"Acidisoma",-1.48594155434199,0.049449505504945,0.268797506577463
"Acidothermus",-1.47818797227943,0.0598794012059879,0.273505763344922
"Actinocrinis",1.19460241472397,0.541154588454115,0.719993295305142
"Acuticoccus",0.689990920834712,0.659843401565984,0.823205654601196
"Aestuariicoccus",-1.48100038020366,0.0570394296057039,0.273505763344922
"Aetokthonos",0.151670290051699,0.892681073189268,0.959707566477519
"Aliarcobacter",-1.22521222308168,0.155838441615584,0.324450525986543
"Alkalispirillum",-1.21012166660389,0.176078239217608,0.352499489290821
"Alloalcanivorax",-0.689343905542553,0.763582364176358,0.894903156673131
"Allosphingosinicella",-0.578905243126235,0.903990960090399,0.960241295654493
"Ammonifex",-1.47940615970289,0.0571894281057189,0.273505763344922
"Amorphus",0.763227093837158,0.657033429665703,0.823205654601196
"Amphiplicatus",-0.103538116369044,0.951280487195128,0.969237854928583
"Anaerobacillus",-0.462560431266013,0.866331336686633,0.955287053285742
"Arcanobacterium",-1.22718724012582,0.145208547914521,0.305967332483538
"Arcella",-1.47112622501168,0.0671693283067169,0.273505763344922
"Arenibaculum",1.88092259877993,0.396856031439686,0.592375807011161
"Arsenicibacter",-1.49397262951472,0.042149578504215,0.246888726081293
"Arundo",1.74080114208089,0.402945970540295,0.595958675333882
"Asticcacaulis",0.162485454531001,0.885971140288597,0.958715478685647
"Aurantimonas",0.149108212289997,0.883241167588324,0.95798750863423
"Axeltriavirus",-1.48302915930785,0.0538194618053819,0.273505763344922
"Azomonas",-1.20715556668292,0.183368166318337,0.36003559851963
"Brachionus",-0.641055063685056,0.832811671883281,0.940531855797044
"Brachybacterium",-0.0622242021787707,0.971860281397186,0.977930436600636
"Calothrix",0.424827763065603,0.706462935370646,0.850765695616084
"Calycomorphotria",-1.46884733583525,0.0709092909070909,0.273505763344922
"Candidatus Angelobacter",1.8934892864702,0.400035999640004,0.593778382810652
"Candidatus Chaera",-0.673054077656728,0.785832141678583,0.911951088130315
"Candidatus Criblamydia",-0.68686218089991,0.761752382476175,0.89388330812198
"Candidatus Electrothrix",0.170322555333022,0.864671353286467,0.95507057567655
"Candidatus Eremiobacter",1.00646840828264,0.627383726162738,0.807048863213025
"Candidatus Halobonum",-1.19807655386237,0.194208057919421,0.370812002262491
"Candidatus Kutchimonas",0.696049841772938,0.672683273167268,0.830891717608023
"Candidatus Magnetominusculus",-0.959149577303342,0.391816081839182,0.587333375995999
"Candidatus Microsaccharimonas",-1.49652037058057,0.038989610103899,0.238896865417311
"Candidatus Oleimmundimicrobium",-1.22194208222361,0.17089829101709,0.345756571398805
"Candidatus Opimibacter",-1.48885032105442,0.047219527804722,0.262811475470903
"Candidatus Raskinella",-0.659209544764083,0.816621833781662,0.931936282923818
"Candidatus Rhabdochlamydia",-0.900092838070225,0.511724882751172,0.693384734435876
"Candidatus Sulfobium",-0.572891689726388,0.912350876491235,0.960903123724134
"Candidatus Thiodiazotropha",1.82225825885543,0.39859601403986,0.59301238723502
"Candidatus Viadribacter",-1.42464716254634,0.111978880211198,0.273505763344922
"Cardiobacterium",1.80065701512964,0.387646123538765,0.585061366214817
"Chitinilyticum",-0.708573176769897,0.722952770472295,0.865807990012684
"Coralloluteibacterium",3.31035351607756,0.210667893321067,0.385213412263783
"Crenalkalicoccus",0.179489393171069,0.870751292487075,0.955490460708196
"Croceibacterium",1.0714571799201,0.622533774662253,0.8037705020362
"Crossiella",-0.654859817579982,0.832491675083249,0.940531855797044
"Cryptosporangium",-0.678977102716632,0.779372206277937,0.908437062418367
"Cycloclasticus",0.197350583080706,0.861971380286197,0.953801202582034
"Derxia",1.2751810708502,0.494645053549465,0.678841895274564
"Desulfatirhabdium",-0.409420790672641,0.892761072389276,0.959707566477519
"Desulfobacter",6.0008393073452,0.035209647903521,0.225952878085898
"Desulfofustis",-1.21063447370967,0.187808121918781,0.364147045552445
"Desulfoglaeba",0.712313603272408,0.659833401665983,0.823205654601196
"Desulfosarcina",1.87514025561537,0.399266007339927,0.593344008080387
"Desulfotomaculum",2.70596648103587,0.233717662823372,0.40037225624065
"Dysosmobacter",-1.48552666672219,0.0500894991050089,0.269653295759913
"Emcibacter",-1.17152414292242,0.220377796222038,0.390500974584677
"Enhydrobacter",-0.656340465871991,0.804291957080429,0.92434196085495
"Enorma",-1.48135900679589,0.0570094299057009,0.273505763344922
"Eutreptiella",-1.48635465111925,0.050429495705043,0.270441479846238
"Faecalicoccus",-1.48348695191594,0.0531194688053119,0.273505763344922
"Ferrimonas",2.36321617783194,0.331776682233178,0.523128696478272
"Flexibacter",-1.21004520586767,0.176628233717663,0.352499489290821
"Fodinibius",0.466546799155391,0.691583084169158,0.842685845155498
"Fontisphaera",1.01018233507102,0.619553804461955,0.802280212491993
"Formivibrio",2.70726543870054,0.238657613423866,0.404617337321772
"Frigidibacter",-0.715826920227604,0.705032949670503,0.84981107048291
"Fulvimarina",0.0659791420602214,0.944480555194448,0.968395842647078
"Geoalkalibacter",-0.39870272758941,0.903770962290377,0.960241295654493
"Gluconacetobacter",-1.48682096952145,0.0499495005049949,0.269653295759913
"Govanella",-1.21673780122541,0.168508314916851,0.343780927154232
"Guyparkeria",-0.693423031220065,0.747132528674713,0.8830322695081
"Halioglobus",3.13436477546015,0.194768052319477,0.371025015039556
"Haloactinopolyspora",-0.151057552301085,0.92640073599264,0.96579099856148
"Haloferula",-0.67204754044973,0.788212117878821,0.912666662807056
"Halomicronema",0.20809556627255,0.842071579284207,0.945372425793814
"Halorussus",-1.48892459694322,0.045369546304537,0.257124771551473
"Halosolutus",-1.22379370915862,0.162188378116219,0.333692436271514
"Handroanthus",-1.49133030051811,0.044659553404466,0.255035132575503
"Hirschia",-1.47864708280826,0.0585994140058599,0.273505763344922
"Hoeflea",3.0118561288299,0.234527654723453,0.401022195408401
"Humitalea",-0.729320362814116,0.687413125868741,0.839804229854509
"Hydrogenivirga",2.97048251496005,0.229807701922981,0.398067401843031
"Hydrogenophilus",-1.47711685296219,0.0597194028059719,0.273505763344922
"Hyphococcus",-0.418598284994445,0.88790112098879,0.959317761810781
"Idiomarina",1.71173456726608,0.392376076239238,0.587512731517915
"Imbroritus",1.85647427230414,0.387686123138769,0.585061366214817
"Infirmifilum",-1.47048328119279,0.0679293207067929,0.273505763344922
"Jeongeupia",-0.675308222801883,0.778242217577824,0.907551158211289
"Jeotgalibacillus",-1.4882181343905,0.0474095259047409,0.263344364568283
"Kangiella",2.55546563053574,0.243877561224388,0.408727291623966
"Kiloniella",4.35717393371156,0.101118988810112,0.273505763344922
"Kineobactrum",1.73055877184121,0.38929610703893,0.585410830498799
"Kocuria",6.03072967293036,0.028449715502845,0.200728548270073
"Kordiimonas",-0.95321620597026,0.408425915740843,0.60129281741956
"Ktedonospora",-1.2043590501399,0.181278187218128,0.358704854877797
"Leptospira",3.46411923657359,0.130348696513035,0.281014088007268
"Leucothrix",0.115425541396939,0.905150948490515,0.960241295654493
"Lichenihabitans",-1.48706740741396,0.048839511604884,0.266518741062589
"Lucilia",0.598591348875309,0.639063609363906,0.812960664203099
"Luedemannella",0.659074737662638,0.671483285167148,0.830510977758748
"Magnetofaba",1.39345883195493,0.431055689443106,0.62403047812172
"Marinospirillum",-1.18866489695899,0.198918010819892,0.375018166147623
"Maritimibacter",2.10940352742462,0.370076299237008,0.567816134029763
"Marivibrio",-1.20063747007168,0.190128098719013,0.366863196008924
"Meiothermus",0.690923114688958,0.685023149768502,0.837250516383725
"Methanocrinis",-1.21522845762471,0.176228237717623,0.352499489290821
"Methanomethylovorans",1.37037648223092,0.494675053249467,0.678841895274564
"Methylacidiphilum (ex Ratnadevi et al. 2023)",-0.939197484368,0.44149558504415,0.633534598945592
"Methylocella",-0.379210065879499,0.896331036689633,0.959707566477519
"Methylogaea",3.17764576612546,0.204547954520455,0.379234893782449
"Methyloligella",0.896000662222495,0.631093689063109,0.807898001606065
"Methylomusa",-0.897864305496788,0.543764562354376,0.722369259197142
"Methylosinus",0.185064375067723,0.866391336086639,0.955287053285742
"Micavibrio",1.64041012443589,0.383336166638334,0.583038241473873
"Microcoleus",2.99767910498307,0.225637743622564,0.396298260635484
"Microtetraspora",1.98248510784982,0.366436335636644,0.563159032876118
"Minwuia",2.98781226879806,0.231837681623184,0.398863597570921
"Mumia",-0.691424205509294,0.746912530874691,0.8830322695081
"Mycolicibacter",4.41558560457014,0.0941390586094139,0.273505763344922
"Nannocystis",8.25385227182609,0.002709972900271,0.0310314109973654
"Neomoorella",2.32912274541864,0.284027159728403,0.458712071838819
"Neorhizobium",-0.972034902112506,0.358166418335817,0.554630542337236
"Niabella",1.15718666892977,0.595094049059509,0.777322474554591
"Nitrolancea",1.53183986178484,0.385076149238508,0.583270030862225
"Oceanibacterium",-0.233299679780282,0.956280437195628,0.970365258234895
"Oceanibaculum",3.2918129766756,0.207227927720723,0.382933088658531
"Ochrobactrum",-1.48930387982911,0.046349536504635,0.260097479346492
"Ogataea",7.12314947017968,0.00990990090099099,0.0922942103912294
"Ornatilinea",-1.20698987713427,0.173688263117369,0.349689356132375
"Oscillatoria",2.60316262069836,0.236347636523635,0.402410296433294
"Owenweeksia",-1.48616454559423,0.0483695163048369,0.266518741062589
"Paludibacter",-1.22210263380304,0.162048379516205,0.333692436271514
"Parachlamydia",0.744720205421251,0.658423415765842,0.823205654601196
"Paragemmobacter",-0.376114981025909,0.915580844191558,0.962789943045244
"Parasphingorhabdus",-0.680787315873014,0.785962140378596,0.911951088130315
"Parazoarcus",-0.66086256830708,0.814951850481495,0.931278310938772
"Parvivirga",-1.48703970310325,0.0480095199048009,0.265096044691727
"Pelagibacterium",-0.904209406426481,0.540254597454025,0.71913832552956
"Peribacillus",0.34349689923844,0.737042629573704,0.877416747775428
"Periconia",1.56978501907386,0.410005899941001,0.60260730375337
"Planktothrix",-0.714170570650246,0.724092759072409,0.866430479164159
"Planosporangium",0.644823655185328,0.684433155668443,0.837250516383725
"Plasmodiophora",3.09681645025861,0.220547794522055,0.390500974584677
"Polysphondylium",-1.48766001976687,0.0493295067049329,0.268667917609323
"Porphyrobacter",-1.4783051926125,0.0586094139058609,0.273505763344922
"Prasinoderma",-1.49091446310161,0.044879551204488,0.255035132575503
"Pseudaminobacter",-0.690711810137893,0.753072469275307,0.887613460432245
"Pseudenhygromyxa",-1.20945007861313,0.17069829301707,0.345602196151951
"Pyrococcus",1.60246347149817,0.383266167338327,0.583038241473873
"Rehaibacterium",3.49749031453668,0.135688643113569,0.289842560289993
"Rhabdaerophilum",1.03461195471191,0.623993760062399,0.805014812271083
"Rhodoblastus",2.36892305666583,0.29909700902991,0.478477710929817
"Rhodocyclus",5.65408146862792,0.041019589804102,0.243923845262609
"Rhodospirillum",0.730365801649831,0.66120338796612,0.823362648726454
"Rhodovastum",-1.4778930245557,0.0590194098059019,0.273505763344922
"Rhodovulum",-0.714720235581116,0.742732572674273,0.879692585015651
"Roseburia",-0.43118536186298,0.876531234687653,0.955531903908429
"Roseiarcus",0.738552103652851,0.659673403265967,0.823205654601196
"Roseinatronobacter",-1.21663059193175,0.179318206817932,0.35673816803795
"Rosistilla",-1.4836422313628,0.0527194728052719,0.273505763344922
"Rothia",-0.371883565719298,0.918520814791852,0.963145421019553
"Rubinisphaera",-0.647218239176603,0.846191538084619,0.946555746273073
"Rubrivirga",-1.23449025664138,0.137868621313787,0.294274200115142
"Runella",-1.23106210831584,0.154908450915491,0.322995680490956
"Sagittula",1.23764577454352,0.489255107448926,0.674385185107202
"Saitozyma",0.169534540507222,0.877891221087789,0.956051778524644
"Salinibacterium",0.149586775381199,0.89010109898901,0.959707566477519
"Sciscionella",-0.698484745053336,0.784572154278457,0.911473845760503
"Siccirubricoccus",2.13387795556484,0.350906490935091,0.5474219629663
"Sphingorhabdus",-0.682369389347593,0.79950200497995,0.921538202109728
"Sporotomaculum",-1.48002393677677,0.0558794412055879,0.273505763344922
"Stakelama",-0.706368274995608,0.739432605673943,0.877644307669073
"Sugiyamaella",-0.390638289284622,0.90690093099069,0.960241295654493
"Sulfobacillus",-0.13261685223839,0.937630623693763,0.967050558361157
"Sulfurirhabdus",3.55909256606026,0.160118398816012,0.330895566783977
"Symploca",2.8626264526788,0.228467715322847,0.396730140840295
"Syntrophus",12.7254132676375,9.99990000099999e-06,0.000288038356729835
"Tepidanaerobacter",-1.47647980313936,0.0594694053059469,0.273505763344922
"Terricaulis",0.12429525838524,0.897851021489785,0.959707566477519
"Terriglobus",2.78046313482863,0.240357596424036,0.405547235239348
"Thalassospira",2.66339793179682,0.233257667423326,0.400320591388681
"Thermoanaerobacterium",-1.49332064890569,0.042109578904211,0.246888726081293
"Thermocrinis",-0.96656537096154,0.374576254237458,0.573775249089614
"Thermodesulforhabdus",-0.65170940812496,0.830831691683083,0.93988315177577
"Thermosulfuriphilus",-1.20160424870073,0.187188128118719,0.364147045552445
"Thiococcus",-0.616144030550779,0.880981190188098,0.957022334908844
"Thiohalophilus",4.96324218745229,0.0649093509064909,0.273505763344922
"Torvergatavirus",-1.46876830897595,0.0693193068069319,0.273505763344922
"Trichlorobacter",9.04190168906786,0.002619973800262,0.0302487884212067
"Trichoderma",-0.920851832990183,0.488795112048879,0.674385185107202
"Trichodesmium",-1.48531633663539,0.0500194998050019,0.269653295759913
"Truepera",1.49084532339669,0.432375676243238,0.624844258279237
"Tsuneonella",-0.956218163682738,0.403135968640314,0.595958675333882
"Tuber",-1.47638450389006,0.0607593924060759,0.273505763344922
"Tunturiibacter",-0.975384480104086,0.353646463535365,0.549548508964299
"Verticillium",1.67683981156221,0.397206027939721,0.592521965864164
"Vitreimonas",-0.339692524274693,0.932320676793232,0.9665633073399
"Wenxinia",-0.374148387000037,0.903790962090379,0.960241295654493
"Wickerhamomyces",-0.155075410947277,0.923850761492385,0.964949169199897
"Wuchereria",2.49995282170671,0.252277477225228,0.418681026966452
"Zavarzinia",1.01113802619917,0.630293697063029,0.80744639596245
"Zhengella",-1.23166925911605,0.141738582614174,0.300696734870161
"Acerihabitans",-1.47549883047091,0.0708492915070849,0.273505763344922
"Acidipropionibacterium",-1.48758669735741,0.0578294217057829,0.273505763344922
"Actinomortierella",-1.48848129573163,0.0565894341056589,0.273505763344922
"Actinopolyspora",-1.20640431470258,0.182938170618294,0.36003559851963
"Agrilutibacter",-1.19629196546671,0.19369806301937,0.370464248814048
"Alkalilimnicola",1.53380818436247,0.408465915340847,0.60129281741956
"Altererythrobacter",-0.69570878766237,0.759282407175928,0.892156736272066
"Amphimedon",-0.96832509016789,0.385526144738553,0.583270030862225
"Anaerobaca",-0.946045099699157,0.481135188648113,0.667142291356243
"Anaerospora",-1.4259571107185,0.115718842811572,0.273505763344922
"Andreprevotia",2.17347268153177,0.351266487335127,0.547677770990147
"Aureimonas",0.15093245694527,0.897771022289777,0.959707566477519
"Azorhizobium",4.16736744032702,0.130708692913071,0.281395970655678
"Biomphalaria",2.69248471638257,0.228777712222878,0.396775250124594
"Bisbaumannia",-1.21529402941723,0.176628233717663,0.352499489290821
"Blautia",-0.689477262497685,0.7590024099759,0.892156736272066
"Brasilonema",-0.938161731445245,0.464725352746473,0.653792274357075
"Bythopirellula",-0.702459802923295,0.738972610273897,0.877644307669073
"Candidatus Acidiferrum",2.10169905310286,0.388056119438806,0.585061366214817
"Candidatus Anoxymicrobium",-0.927850553298565,0.504924950750492,0.686746096042689
"Candidatus Infernicultor",-1.48912404851688,0.0556894431055689,0.273505763344922
"Candidatus Jettenia",-1.21676924286585,0.169848301516985,0.345131748682513
"Candidatus Korobacter",2.85690228383482,0.240487595124049,0.405547235239348
"Candidatus Kryptobacter",-0.677679950372872,0.777922220777792,0.907551158211289
"Candidatus Methylacidithermus",-1.48205991907482,0.0641993580064199,0.273505763344922
"Candidatus Methylospira",-1.19832459767214,0.191448085519145,0.368969795150533
"Candidatus Poriferisodalis",-0.997291194561918,0.326716732832672,0.517193513617272
"Candidatus Psychracetigena",-0.957836171293977,0.404215957840422,0.596293234533336
"Candidatus Solincola",-0.718760213165048,0.738572614273857,0.877644307669073
"Candidatus Sulfotelmatobacter",0.208726059462235,0.861411385886141,0.953801202582034
"Candidatus Uabimicrobium",0.102123369871495,0.922070779292207,0.964474139850972
"Carbonactinospora",-0.64771933001968,0.828941710582894,0.939519822475063
"Chlamydomonas",-0.977743475477336,0.368386316136839,0.565844621927613
"Chromatium",0.161565347748181,0.885931140688593,0.958715478685647
"Chryseosolibacter",-1.23560469043814,0.1509984900151,0.315785764298046
"Crocosphaera",0.122940947599266,0.912410875891241,0.960903123724134
"Cryobacterium",1.24588508218175,0.515234847651523,0.695108425363623
"Cucumibacter",-0.714891057264265,0.732772672273277,0.873372323395266
"Cyanobium",2.79559414996707,0.226717732822672,0.396664105498248
"Dasania",-1.48232997301268,0.0631993680063199,0.273505763344922
"Dehalobacter",-0.134073657362873,0.93690063099369,0.966654491505306
"Denitratisoma",3.7847070199047,0.130928690713093,0.281395970655678
"Desulfatibacillum",2.22511579349157,0.37089629103709,0.568761930382892
"Desulfococcus",2.89652320128405,0.228047719522805,0.396664105498248
"Diaminobutyricimonas",-0.68510115688556,0.770282297177028,0.900392844670466
"Elstera",-1.20556047106283,0.187338126618734,0.364147045552445
"Enterocloster",-0.6208662028795,0.878621213787862,0.956051778524644
"Eoetvoesiella",-0.667881977273658,0.804881951180488,0.92434196085495
"Falsirhodobacter",-1.21640778268919,0.189378106218938,0.366174691194265
"Ferrithrix",-1.2089369616066,0.182768172318277,0.36003559851963
"Ferroacidibacillus",-1.23263860939492,0.165328346716533,0.338904916159936
"Fimicolochytrium",-1.49149818726017,0.0535594644053559,0.273505763344922
"Gaeumannomyces",-1.48559178216696,0.0597894021059789,0.273505763344922
"Geodermatophilus",3.19228331847637,0.196148038519615,0.372814707227077
"Geothrix",3.15161415836082,0.208447915520845,0.384678649910991
"Glutinoglossum",-1.47517139999913,0.0723592764072359,0.273505763344922
"Heliomicrobium",0.716652635675403,0.664053359466405,0.824060614762087
"Holophaga",-0.681987834527859,0.787582124178758,0.912315279832276
"Ignicoccus",-1.48829550366762,0.0564694353056469,0.273505763344922
"Isoptericola",0.1219805035746,0.908260917390826,0.960281331024119
"Jannaschia",0.0835802096733241,0.935440645593544,0.966598734455951
"Kamptonema",0.741978740956581,0.655073449265507,0.823205654601196
"Kineosporia",-1.48409169742019,0.0611493885061149,0.273505763344922
"Lachnoclostridium",-1.48776955158755,0.0574994250057499,0.273505763344922
"Lentimonas",-1.48691369878343,0.0594994050059499,0.273505763344922
"Leptonema",-1.49318963545869,0.051229487705123,0.273505763344922
"Leucobacter",-1.48240413592059,0.0622393776062239,0.273505763344922
"Limimaricola",0.439242667872869,0.697923020769792,0.845985648603384
"Lutibacter",1.70788434757072,0.421315786842132,0.615345691812292
"Mangrovibrevibacter",0.182500715513063,0.864861351386486,0.95507057567655
"Maricaulis",0.413376409958325,0.721062789372106,0.864285471259402
"Methylotuvimicrobium",0.745020894953964,0.660963390366096,0.823362648726454
"Microbaculum",-0.662169154240621,0.824551754482455,0.937258890932848
"Montanilutibacter",-1.21255870969576,0.186138138618614,0.364147045552445
"Natronomonas",-1.47722286459788,0.0693293067069329,0.273505763344922
"Neoaquamicrobium",-0.74874014797301,0.663883361166388,0.824060614762087
"Oryzibacter",-0.693508030945616,0.75130248697513,0.886835297257505
"Oxalicibacterium",0.377217615648295,0.731342686573134,0.87248995144549
"Panacibacter",-1.21194475558857,0.17949820501795,0.35673816803795
"Pelagimonas",0.202748927419566,0.837281627183728,0.942912078335887
"Petropleomorpha",-1.47703533090891,0.0699193008069919,0.273505763344922
"Phycisphaera",-0.66898443218019,0.800781992180078,0.921815155818788
"Pilimelia",-0.704541471354425,0.757822421775782,0.891893785358692
"Pimelobacter",2.04446923755273,0.362246377536225,0.558748154240312
"Plantactinospora",1.87291905734906,0.384676153238468,0.583270030862225
"Prauserella",-0.939781142688173,0.432515674843252,0.624844258279237
"Prosthecodimorpha",0.887607096719229,0.641143588564114,0.814252357476425
"Proteinivorax",-1.48416194118378,0.0616793832061679,0.273505763344922
"Pseudofrankia",-0.671162101066237,0.788962110378896,0.912778524388669
"Pseudokineococcus",-0.945350722448173,0.431505684943151,0.62403047812172
"Rariglobus",-0.432225866738468,0.887521124788752,0.959317761810781
"Rhodophyticola",-1.49094822234805,0.0540694593054069,0.273505763344922
"Roseisolibacter",3.04579566015328,0.244777552224478,0.409280958058163
"Rubripirellula",-1.22464087346459,0.160388396116039,0.331208557833121
"Ruthenibacterium",-1.49104597427175,0.0529194708052919,0.273505763344922
"Salibacterium",-0.996682336428074,0.372526274737253,0.570948113886936
"Sesamum",-1.09312840122167,0.29889701102989,0.478477710929817
"Solwaraspora",-0.922555280953627,0.444905550944491,0.636164846130454
"Spirosoma",3.3247359705942,0.197268027319727,0.372913983986006
"Stieleria",0.220111488900848,0.85090149098509,0.948546270420822
"Streptoalloteichus",-0.950743567957251,0.40339596604034,0.596027672721686
"Telmatospirillum",5.40154568381847,0.0632193678063219,0.273505763344922
"Tenggerimyces",1.1857049279125,0.507534924650753,0.689044013349954
"Thermobispora",-1.49005491325906,0.0541094589054109,0.273505763344922
"Thermopolyspora",-1.4837781841238,0.0607693923060769,0.273505763344922
"Thermosipho",-0.669773296913187,0.798062019379806,0.920258061142046
"Thermosulfurimonas",-0.974776059698135,0.361586384136159,0.55847007035734
"Thermosyntropha",-1.22629798829478,0.162168378316217,0.333692436271514
"Thermus",3.19420251881962,0.18679813201868,0.364147045552445
"Thiohalomonas",0.685927233311508,0.6570034299657,0.823205654601196
"Thiomargarita",0.670627123024426,0.678543214567854,0.834433572147795
"Thiorhodovibrio",0.230169781506737,0.836651633483665,0.942912078335887
"Thiospirillum",0.43366986208967,0.699693003069969,0.847763335029269
"Tropicibacter",-1.19020230178334,0.203327966720333,0.377724959452533
"Trujillonella",-1.48663913364382,0.0593894061059389,0.273505763344922
"Virgibacillus",3.6001542135087,0.131938680613194,0.282696835608331
"Vitreoscilla",0.730716583196172,0.661283387166128,0.823362648726454
"Vulcanococcus",-1.18192085546061,0.202327976720233,0.377724959452533
"Acidimicrobium",-0.944910201760324,0.474865251347487,0.661402548486978
"Acropora",-1.47104258974559,0.0830591694083059,0.273505763344922
"Actinotalea",-1.2153565776405,0.183158168418316,0.36003559851963
"Aestuariispira",-0.0964572922160118,0.956820431795682,0.970365258234895
"Afifella",-0.677427706868082,0.802761972380276,0.92339108720893
"Aliamphritea",-0.412019573321921,0.900540994590054,0.959707566477519
"Amantichitinum",2.82185314986351,0.212027879721203,0.385684484079037
"Amazonocrinis",-1.22495426879574,0.169058309416906,0.344277635940842
"Anditalea",0.734234627970196,0.657373426265737,0.823205654601196
"Aquabacter",-0.678865389112424,0.789342106578934,0.912840167955936
"Azoarcus",3.23565024413189,0.187748122518775,0.364147045552445
"Azonexus",6.12284083475581,0.030119698803012,0.208819946539989
"Candidatus Auribacter",-1.20269900257273,0.190038099619004,0.366863196008924
"Candidatus Didemnitutus",0.685357307067731,0.659643403565964,0.823205654601196
"Candidatus Hydrogenedens",-1.48610754147203,0.0660193398066019,0.273505763344922
"Candidatus Palauibacter",-0.957290672443625,0.428835711642884,0.62318798548884
"Candidatus Parabeggiatoa",-0.368597377155849,0.922710772892271,0.964474139850972
"Candidatus Thioglobus",-1.19104014109934,0.211877881221188,0.385684484079037
"Chloroherpeton",-0.659715929449401,0.829291707082929,0.939519822475063
"Citrifermentans",-1.18504871624013,0.226887731122689,0.396664105498248
"Congregibacter",-1.45987557624661,0.0954590454095459,0.273505763344922
"Croceicoccus",-0.679230519787974,0.803811961880381,0.924218362754644
"Demequina",-0.944926110477863,0.440055599444006,0.632141565473806
"Desulfobacterium",1.19293013367466,0.516384836151638,0.69598612262792
"Desulfonatronum",-0.947985581297875,0.450415495845042,0.64174446475831
"Desulforhabdus",1.62026738485794,0.418135818641814,0.611980868143126
"Dictyoglomus",1.92959285181367,0.399016009839902,0.593321304679449
"Drosophila",-0.212632231962897,0.893581064189358,0.959707566477519
"Exilibacterium",-0.115447363787596,0.947890521094789,0.969138634637045
"Falco",-1.20651604778058,0.19429805701943,0.370812002262491
"Fischerella",-1.20243296241428,0.1919980800192,0.369000312747904
"Fundidesulfovibrio",1.13815583714054,0.600573994260057,0.78301621090182
"Geoglobus",1.89419265299585,0.381576184238158,0.581782982606379
"Gilvimarinus",-0.0721258594240659,0.967660323396766,0.975965081619025
"Haliea",1.21743722532194,0.502114978850212,0.684345976052435
"Haliscomenobacter",-0.963913848115673,0.405905940940591,0.598470289703435
"Halostella",-0.921996599067709,0.490425095749043,0.674998875627007
"Hydrocarboniclastica",-1.4740350973772,0.0803191968080319,0.273505763344922
"Kofleria",0.749176793970575,0.655283447165528,0.823205654601196
"Lautropia",1.83892585213981,0.400325996740033,0.593778382810652
"Leeia",-0.106610727000504,0.951990480095199,0.969237854928583
"Lentisphaera",-1.21535873784611,0.181928180718193,0.359481850726047
"Limimonas",-0.968456798777377,0.39829601703983,0.59301238723502
"Magnetospira",-1.2005874605805,0.212667873321267,0.386048245460698
"Magnetovirga",-0.691439249592022,0.780662193378066,0.908820903457632
"Mangrovitalea",-0.915929842734511,0.515484845151548,0.695108425363623
"Marinagarivorans",-1.45047054170422,0.102728972710273,0.273505763344922
"Mesotoga",-0.700061892928071,0.782172178278217,0.909441975076712
"Metarhizobium",-1.23838022787703,0.145868541314587,0.307126378623177
"Methanobrevibacter",-0.415683213408745,0.897811021889781,0.959707566477519
"Methylacidimicrobium",1.57302870452678,0.400385996140039,0.593778382810652
"Methylicorpusculum",-0.144915879341684,0.930470695293047,0.966085144053799
"Methylomarinovum",-0.949155128171941,0.424275757242428,0.618521576912556
"Mucisphaera",-0.631766551378476,0.845271547284527,0.946555746273073
"Muricoccus",2.19932047204843,0.354436455635444,0.550164142803016
"Neosynechococcus",1.14613150705783,0.596244037559624,0.778460673337192
"Nioella",-0.939049546233251,0.462625373746263,0.652810655134236
"Nitmarvirus",-0.599252010392763,0.896181038189618,0.959707566477519
"Nitratidesulfovibrio",-0.929973485354322,0.488535114648854,0.674385185107202
"Orrella",-0.318429980294077,0.949840501594984,0.969237854928583
"Oryzomicrobium",-0.142317682533864,0.933580664193358,0.9665633073399
"Pantanalinema",-1.45046330188475,0.102548974510255,0.273505763344922
"Parvularcula",-1.20101763927412,0.198228017719823,0.374222352371071
"Pelagibaculum",-0.912354964125394,0.514594854051459,0.69491446216519
"Pelovirga",-0.926663200962683,0.464115358846412,0.653710599990774
"Perlucidibaca",1.29683674455107,0.474705252947471,0.661402548486978
"Picosynechococcus",5.17582523006501,0.0647793522064779,0.273505763344922
"Plesiocystis",-0.0864084210121233,0.95980040199598,0.972243584337065
"Porticoccus",-0.94908177839294,0.447385526144739,0.638404065397548
"Providencia",-0.680733817182754,0.800721992780072,0.921815155818788
"Pseudolysobacter",0.453491872376913,0.695423045769542,0.843687359913201
"Reichenbachiella",0.539404420756417,0.679143208567914,0.834433572147795
"Rhizohabitans",-1.220798955928,0.183308166918331,0.36003559851963
"Rubellicoccus",-1.48589155583796,0.0677493225067749,0.273505763344922
"Salinigranum",-1.21349655456878,0.194438055619444,0.370825889010734
"Salinimonas",-1.49121073600427,0.0610793892061079,0.273505763344922
"Sedimentitalea",-1.13227383816841,0.273167268327317,0.443384869287196
"Sneathiella",0.767634725516755,0.663353366466335,0.824060614762087
"Symbiodinium",0.158756785113783,0.878891211087889,0.956051778524644
"Tessaracoccus",0.220890015121065,0.848221517784822,0.946836164878463
"Thermanaeromonas",-0.631140259740153,0.871721282787172,0.955490460708196
"Thermithiobacillus",4.06594684960882,0.117888821111789,0.273505763344922
"Thioflexithrix",0.404078369060403,0.691883081169188,0.842685845155498
"Thiohalospira",-1.21223254908028,0.192988070119299,0.369574138391584
"Tsukamurella",-0.407809276455316,0.893261067389326,0.959707566477519
"Variimorphobacter",-1.48302587649094,0.0708992910070899,0.273505763344922
"Verrucomicrobium",7.26132348714559,0.00998990010099899,0.0927301690438245
"Victivallis",-0.470746751472216,0.857531424685753,0.953138850321238
"Vogesella",3.55019998864542,0.145208547914521,0.305967332483538
"Zwartia",0.882394375752425,0.634723652763472,0.810149787949357
"Agrococcus",-1.23359910350314,0.15879841201588,0.329385867240066
"Alteromonas",1.2072846058055,0.517854821451786,0.696623192651078
"Aurantiacibacter",-0.364086952978864,0.926160738392616,0.96579099856148
"Brachymonas",-0.340747987283679,0.939540604593954,0.967877201522644
"Candidatus Nanosynbacter",-1.22292377428365,0.180168198318017,0.357014146170595
"Cesiribacter",-1.46744544964872,0.0916490835091649,0.273505763344922
"Cocleimonas",1.54187997908296,0.427545724542755,0.622168101235654
"Gomphillus",-1.17432793228539,0.244417555824442,0.409024125327609
"Haloglomus",0.557274504745188,0.658743412565874,0.823205654601196
"Herbihabitans",0.703609674170282,0.661913380866191,0.823779949282913
"Horticoccus",-1.22964384496979,0.171838281617184,0.346904739045095
"Hydrogenibacillus",-0.966327149081453,0.437335626643734,0.62985347466113
"Lewinella",-1.19443549843995,0.203257967420326,0.377724959452533
"Luminiphilus",-0.702096877711244,0.741222587774122,0.87827646744737
"Lysinibacillus",-0.360274543014198,0.92870071299287,0.966042364892807
"Megasphaera",-1.19225371405222,0.21669783302167,0.387445065523802
"Noviluteimonas",-0.14313732110671,0.934390656093439,0.9665633073399
"Oleiharenicola",-1.20260919459719,0.212977870221298,0.386048245460698
"Olpidium",-0.104342667844986,0.956090439095609,0.970365258234895
"Oricola",-0.419074303248452,0.890851091489085,0.959707566477519
"Panicum",-1.19137457185731,0.216117838821612,0.387445065523802
"Pararhodospirillum",3.38766432321429,0.216987830121699,0.387445065523802
"Phormidesmis",-0.407927044990883,0.899551004489955,0.959707566477519
"Planctopirus",-0.934119779247178,0.485975140248598,0.672185416759694
"Pleurocapsa",2.14144320642854,0.36639633603664,0.563159032876118
"Pseudacidobacterium",0.169299058739032,0.875121248787512,0.955490460708196
"Pseudohaliea",1.5532832094422,0.424375756242438,0.618521576912556
"Pullulanibacillus",-0.386657098776013,0.916090839091609,0.962927392162709
"Pyrodictium",-1.47161111568901,0.0871791282087179,0.273505763344922
"Roseivivax",0.770378732793155,0.653143468565314,0.823205654601196
"Shimazuella",-0.413869713284402,0.899191008089919,0.959707566477519
"Shumkonia",-0.027398870508331,0.988620113798862,0.990392469685916
"Solitalea",-0.261473551221297,0.960550394496055,0.972243584337065
"Syntrophothermus",-1.46953117320837,0.0891791082089179,0.273505763344922
"Terasakiella",-0.639829792901199,0.846691533084669,0.946555746273073
"Thiohalorhabdus",-0.637253762170789,0.842511574884251,0.945372425793814
"Volvox",-1.19182098999112,0.214887851121489,0.386604414702794
"Zymomonas",-1.20564311742588,0.208767912320877,0.384760914923832
"Albidovulum",0.97333752350948,0.631323686763132,0.807898001606065
"Alkalimarinus",-0.670353695978205,0.813081869181308,0.930663966609002
"Alkalimonas",-1.4583484404402,0.107158928410716,0.273505763344922
"Alkalispirochaeta",-1.4567628647666,0.107138928610714,0.273505763344922
"Aquimarina",-0.400291929471044,0.910130898691013,0.960903123724134
"Caldalkalibacillus",0.58965849002067,0.696513034869651,0.844642977181339
"Caldichromatium",-0.917381755428451,0.513884861151389,0.694683053169468
"Candidatus Berkiella",-0.68398988119461,0.779682203177968,0.908437062418367
"Candidatus Paceibacter",-1.47560274413388,0.0899091009089909,0.273505763344922
"Candidatus Sulfomarinibacter",-1.44428453867164,0.116088839111609,0.273505763344922
"Chryseotalea",-1.20120259040192,0.213517864821352,0.386048245460698
"Dawidia",-1.4574347972104,0.107688923110769,0.273505763344922
"Deinobacterium",-0.946953720557356,0.475915240847592,0.662153298825399
"Dermatophagoides",-1.45531936833857,0.108738912610874,0.273505763344922
"Desulfamplus",1.03623844792694,0.612743872561274,0.796282037179628
"Eisenibacter",-1.45874863718661,0.106238937610624,0.273505763344922
"Fimbriimonas",-0.00317842450336003,0.998870011299887,0.998870011299887
"Fluviicoccus",0.228258860205425,0.834651653483465,0.941848432888854
"Geothermobacter",0.220156910811239,0.837021629783702,0.942912078335887
"Halofilum",-0.0601138920959479,0.973530264697353,0.97808110735865
"Halopseudomonas",-0.627462338671932,0.865511344886551,0.95507057567655
"Hungatella",-1.45972368166799,0.107268927310727,0.273505763344922
"Kordia",-1.21138255070614,0.204027959720403,0.378521991672514
"Leifsonia",-0.914970364833769,0.54210457895421,0.720570976973389
"Litorilinea",-1.47200241151124,0.0944590554094459,0.273505763344922
"Lujinxingia",0.588536240759587,0.659823401765982,0.823205654601196
"Maribacter",0.646547197788501,0.67910320896791,0.834433572147795
"Methyloraptor",-1.46940961528116,0.0976290237097629,0.273505763344922
"Miniimonas",-1.46235959185677,0.102638973610264,0.273505763344922
"Nitrogeniibacter",0.629294489612186,0.677643223567764,0.834433572147795
"Occultella",0.376739261143065,0.712552874471255,0.855921208629702
"Okeania",-1.19807222454406,0.209677903220968,0.384825280758325
"Parahaliea",1.31648639974375,0.466985330146699,0.654944042334903
"Pelagovum",-1.45850773026468,0.107978920210798,0.273505763344922
"Planococcus",-1.19863702857837,0.206507934920651,0.382108059714105
"Saccoglossus",-0.910557393739188,0.5049949500505,0.686746096042689
"Schwartzia",-1.43937491161731,0.120008799912001,0.273505763344922
"Sporomusa",0.363555385902784,0.738772612273877,0.877644307669073
"Streptomonospora",-0.109429830970596,0.950510494895051,0.969237854928583
"Sulfurospirillum",0.500735362251039,0.669823301766982,0.828824758696611
"Sycon",-1.45843479069514,0.108148918510815,0.273505763344922
"Thermoactinospora",-1.45933697559738,0.105838941610584,0.273505763344922
"Thermochromatium",-0.954230259621751,0.445425545744543,0.636542826800771
"Thermocrispum",-0.341752371235806,0.936060639393606,0.966598734455951
"Williamsia",1.61825390649515,0.391156088439116,0.586944205745912
"Caenispirillum",0.173008041730223,0.873841261587384,0.955490460708196
"Candidatus Marithrix",-0.680794233238243,0.817611823881761,0.932411198336996
"Chloropicon",-1.44346688426512,0.121608783912161,0.273505763344922
"Couchioplanes",2.07353442092312,0.358306416935831,0.554630542337236
"Dissulfurirhabdus",-1.20366386336008,0.210317896821032,0.384825280758325
"Hyposmocoma",-1.46644611871721,0.109828901710983,0.273505763344922
"Lineolata",-1.4669780663235,0.106418935810642,0.273505763344922
"Nitrincola",-1.4672670417288,0.105638943610564,0.273505763344922
"Oceanicaulis",-0.283580420415845,0.960160398396016,0.972243584337065
"Paraflavisolibacter",-1.17811222313277,0.241117588824112,0.405832857334077
"Siphonobacter",-1.46448318466438,0.106908930910691,0.273505763344922
"Skeletonema",-1.47322542204952,0.101488985110149,0.273505763344922
"Woodsholea",-1.46443675147993,0.11059889401106,0.273505763344922
"Antribacter",-1.47040399722807,0.0966690333096669,0.273505763344922
"Arcobacter",-0.657099801955382,0.830431695683043,0.93988315177577
"Arenicella",-1.21200643025442,0.188988110118899,0.365673670133105
"Brevifollis",-0.159664058015209,0.922860771392286,0.964474139850972
"Camelimonas",-0.0449841246032527,0.981430185698143,0.984248362828647
"Candidatus Abzuiibacterium",-0.62218881985043,0.866831331686683,0.955304879127865
"Candidatus Desulfobia",-1.46020168237251,0.103128968710313,0.273505763344922
"Candidatus Phaeomarinibacter",-1.19084480278591,0.215827841721583,0.387333891593647
"Candidatus Symbiobacter",-0.668502217971086,0.816861831381686,0.931936282923818
"Cerasicoccus",-1.45649354447391,0.107248927510725,0.273505763344922
"Chitinolyticbacter",-0.954270184407342,0.443335566644334,0.634569453485793
"Corallincola",-1.20001656237929,0.203187968120319,0.377724959452533
"Defluviicoccus",0.228143173569872,0.839161608383916,0.943887896064679
"Gloeocapsa",-1.45647348117147,0.107988920110799,0.273505763344922
"Halteria",-0.55824954683964,0.926730732692673,0.96579099856148
"Iodidimonas",-1.18641353344968,0.232927670723293,0.400245948340025
"Jiella",-0.385548399881484,0.90090099099009,0.959707566477519
"Lasius",-0.0165187067709819,0.993380066199338,0.99373573396382
"Nitrobacter",0.726908735232047,0.655183448165518,0.823205654601196
"Permianibacter",0.684314957611147,0.663323366766332,0.824060614762087
"Rivihabitans",-1.18910578902908,0.22569774302257,0.396298260635484
"Roseospira",2.38744406673089,0.334436655633444,0.525606172509703
"Salinicola",-0.662271286496646,0.83640163598364,0.942912078335887
"Starkeya",-0.957291290041436,0.431325686743133,0.62403047812172
"Streptacidiphilus",-0.898876136298491,0.568984310156898,0.749171612902156
"Variibacter",1.00393027523405,0.626323736762632,0.806814153056626
"Yimella",-0.932364213989774,0.489755102448976,0.674656811835036
"Acrocarpospora",1.56936704619332,0.411145888541115,0.603647720748226
"Actinoallomurus",0.733761978382831,0.654413455865441,0.823205654601196
"Aerobium",-1.48690753222551,0.0568294317056829,0.273505763344922
"Agarilytica",-1.16073939212686,0.21979780202198,0.390500974584677
"Antricoccus",-0.945135178144263,0.441705582944171,0.633534598945592
"Aquicella",-0.987113150247009,0.347826521734783,0.54384736510777
"Aromia",-1.44255817991064,0.105408945910541,0.273505763344922
"Balneatrix",-0.367805646574926,0.919670803291967,0.963145421019553
"Beijerinckia",-0.90526056885641,0.533484665153348,0.711482651283272
"Candidatus Cryosericum",-1.48529378117711,0.0595194048059519,0.273505763344922
"Candidatus Finniella",-0.931662769293627,0.46419535804642,0.653710599990774
"Candidatus Gullanella",-1.47131206778387,0.0758592414075859,0.273505763344922
"Chamaesiphon",-0.371530788243075,0.919710802891971,0.963145421019553
"Chromohalobacter",-1.49252997972306,0.0513694863051369,0.273505763344922
"Desmonostoc",-0.649110527619588,0.828961710382896,0.939519822475063
"Desulfocapsa",-1.2165835022177,0.174518254817452,0.350794247453209
"Desulfoferula",-1.50128910912788,0.042049579504205,0.246888726081293
"Dissulfurispira",-0.981426234698619,0.357676423235768,0.554285006234796
"Ensifer",0.132602420956538,0.901720982790172,0.959774638444092
"Enterovirga",-0.126642905496168,0.941660583394166,0.96792642367694
"Ferirhizobium",-1.49168591812953,0.052579474205258,0.273505763344922
"Fluviicola",-0.684489065586102,0.770522294777052,0.900392844670466
"Geminocystis",-1.4890935561306,0.0545894541054589,0.273505763344922
"Glycocaulis",-1.48411682227818,0.0598194018059819,0.273505763344922
"Gossypium",-0.900760605800597,0.52870471295287,0.706456703964763
"Halonatronum",-1.48059327019714,0.0654693453065469,0.273505763344922
"Hellea",-1.22545730324477,0.163188368116319,0.33550279655408
"Hongsoonwoonella",-1.49137875262278,0.0541194588054119,0.273505763344922
"Hydrogenispora",-0.924077364742944,0.477805221947781,0.664173029911492
"Hydrogenobaculum",-1.48710086616308,0.0567594324056759,0.273505763344922
"Klenkia",-1.47711404728944,0.0691993080069199,0.273505763344922
"Koinonema",-0.929692632831082,0.467145328546715,0.654944042334903
"Ktedonosporobacter",-1.21833449246164,0.185358146418536,0.363432042872554
"Kuravirus",-1.49835891810826,0.04479955200448,0.255035132575503
"Labrenzia",-0.931092504366362,0.46339536604634,0.653242508947262
"Limobrevibacterium",-0.643304310575282,0.837681623183768,0.942982455751591
"Marinimicrococcus",-0.372712912832007,0.91340086599134,0.96155784958158
"Metapseudomonas",-1.2185698342731,0.167838321616784,0.342792595465858
"Methylocucumis",1.33402371863798,0.470515294847052,0.657421625783742
"Mucor",4.80638267031683,0.0786592134078659,0.273505763344922
"Mycoplana",-0.941129700976546,0.461645383546165,0.652091608507575
"Nannochloris",-1.48231888112909,0.0626393736062639,0.273505763344922
"Notoacmeibacter",-1.48514671041995,0.0597594024059759,0.273505763344922
"Oceanithermus",-0.952760583742037,0.433585664143359,0.626066328484002
"Paramesorhizobium",-1.47785022049744,0.0682493175068249,0.273505763344922
"Peredibacter",-1.47526009304223,0.0700892991070089,0.273505763344922
"Prochlorococcus",-1.20389640590318,0.187378126218738,0.364147045552445
"Proteus",-0.476484454574694,0.853141468585314,0.949383027077734
"Pseudo-nitzschia",0.417991844142224,0.695173048269517,0.843687359913201
"Pseudochrobactrum",-1.49268123797329,0.0525094749052509,0.273505763344922
"Pseudohoeflea",-1.48953870504177,0.0544394556054439,0.273505763344922
"Pseudorhizobium",0.563086279628577,0.658843411565884,0.823205654601196
"Psittacicella",-1.2162008618236,0.170048299517005,0.345287026780895
"Pusillimonas",-0.6298683504993,0.867091329086709,0.955304879127865
"Rhabdochromatium",5.57567031838348,0.0645793542064579,0.273505763344922
"Robiginitalea",-1.48701287488206,0.0568194318056819,0.273505763344922
"Ruminiclostridium",-1.22060026118914,0.168848311516885,0.3441007894808
"Saezia",-0.926038065291169,0.48909510904891,0.674385185107202
"Sinobacterium",-1.2410448512565,0.146518534814652,0.308030689444798
"Solibacillus",-0.93768175785349,0.459455405445946,0.64981059703573
"Syntrophaceticus",-0.959292838578907,0.419115808841912,0.613094015656702
"Thermodesulfitimonas",1.22933840154955,0.573784262157378,0.754070192129687
"Thiogranum",-0.40152034142097,0.899391006089939,0.959707566477519
"Tumidithrix",-1.22286941361283,0.166378336216638,0.340807237088919
"Turneriella",2.43665944701177,0.256277437225628,0.423942664066551
"Undibacter",-0.989802573244185,0.352466475335247,0.548455005155012
"Winogradskyella",-1.48421486173184,0.0595994040059599,0.273505763344922
"Xenococcus",-1.40966623475207,0.122558774412256,0.273505763344922
"Xylaria",-1.47811214671584,0.0656693433065669,0.273505763344922
"Agaricicola",-1.1752966391139,0.239657603423966,0.40532890070615
"Anaerosalibacter",-1.47088258164187,0.0844891551084489,0.273505763344922
"Anophryoides",2.35418058952576,0.350656493435066,0.5474219629663
"Arachidicoccus",-1.47496757523713,0.0809691903080969,0.273505763344922
"Arhodomonas",-0.641629982403807,0.848841511584884,0.947149833613485
"Aurantibacillus",-1.48576507390958,0.0679193208067919,0.273505763344922
"Blastochloris",-1.47894679498162,0.0765892341076589,0.273505763344922
"Candidatus Aegiribacteria",-1.22021566614057,0.175388246117539,0.351531391429271
"Candidatus Neptunichlamydia",-0.945343116811072,0.440585594144059,0.63257767216778
"Candidatus Soleaferrea",-1.47887242943552,0.0763192368076319,0.273505763344922
"Candidatus Thiocaldithrix",-1.19743095023512,0.217157828421716,0.387445065523802
"Citricoccus",-1.46861362778976,0.0886291137088629,0.273505763344922
"Desulfogranum",0.436513987354527,0.70110298897011,0.847972333777311
"Ereboglobus",-0.0660480604089008,0.972370276297237,0.977930436600636
"Estrella",-0.947636718326656,0.430925690743093,0.62403047812172
"Fodinicola",-1.47706239651197,0.0779592204077959,0.273505763344922
"Fortiea",-0.391819939800175,0.910840891591084,0.960903123724134
"Glacieibacterium",-0.931437520435521,0.46889531104689,0.656030795726094
"Gorillibacterium",-1.4792969353299,0.0775892241077589,0.273505763344922
"Hansschlegelia",-0.970445853782555,0.40659593404066,0.599171434445993
"Lacunisphaera",0.680849307499875,0.664723352766472,0.824060614762087
"Laribacter",1.01849826096397,0.621943780562194,0.803509163244012
"Leekyejoonella",-1.44762101822659,0.106988930110699,0.273505763344922
"Lepidopterella",-0.639155395558912,0.846541534584654,0.946555746273073
"Membranihabitans",-1.48010216295874,0.0766392336076639,0.273505763344922
"Methylocapsa",0.381789528497186,0.727462725372746,0.868231890086054
"Methylomarinum",-1.20048030740758,0.201217987820122,0.37681170105189
"Methylopila",-1.47666530847431,0.0788092119078809,0.273505763344922
"Microvirgula",1.37639776881934,0.47059529404706,0.657421625783742
"Neochlamydia",-1.22372517303692,0.180658193418066,0.357731390793817
"Nodularia",-1.17378326204578,0.233547664523355,0.400326487532671
"Oleisolibacter",-0.604186423287937,0.885791142088579,0.958715478685647
"Ornithinicoccus",-1.46681225328875,0.0898291017089829,0.273505763344922
"Ornithinimicrobium",-0.909901761627128,0.516964830351696,0.696271302347217
"Paenalcaligenes",-1.20161390646891,0.198078019219808,0.374192011967642
"Parafilimonas",-1.46725788132468,0.0889491105088949,0.273505763344922
"Parasphingopyxis",-0.928464661340937,0.47909520904791,0.66509859491569
"Paremcibacter",-1.47536567396887,0.0793992060079399,0.273505763344922
"Pastovirus",-1.4888103602813,0.0671893281067189,0.273505763344922
"Phascolarctobacterium",-1.48495004572081,0.0707292927070729,0.273505763344922
"Pollutibacter",-1.45947136634198,0.0952090479095209,0.273505763344922
"Portunus",-1.4637814729316,0.0925390746092539,0.273505763344922
"Prescottella",-1.45913829549038,0.0979290207097929,0.273505763344922
"Pseudidiomarina",-1.48378095958314,0.0710992890071099,0.273505763344922
"Rhodothalassium",-1.20872519632774,0.194808051919481,0.371025015039556
"Rhodovarius",-1.47522623749739,0.0819291807081929,0.273505763344922
"Roseobacter",-1.20254453835709,0.209587904120959,0.384825280758325
"Roseococcus",0.215004714312325,0.843961560384396,0.946252101859246
"Rossellomorea",0.156136458091208,0.88050119498805,0.956872943911557
"Rugosimonospora",-0.956395360095879,0.416035839641604,0.609545954881301
"Rugositalea",0.79433975757067,0.653613463865361,0.823205654601196
"Salinispora",-0.678030695802578,0.785712142878571,0.911951088130315
"Shimia",-0.926973752495076,0.46859531404686,0.656030795726094
"Spongospora",-1.45770513893817,0.0990690093099069,0.273505763344922
"Subsaximicrobium",-1.46641108515659,0.0898091019089809,0.273505763344922
"Thalassoglobus",-1.15854856523528,0.243137568624314,0.408003823865665
"Thermosporothrix",-1.21615415377199,0.197038029619704,0.372913983986006
"Thermothielavioides",-1.46850508452824,0.0888091119088809,0.273505763344922
"Trametes",-0.826852671164453,0.678273217267827,0.834433572147795
"Amphritea",-1.18445280597667,0.244477555224448,0.409024125327609
"Candidatus Cardinium",-0.912892832116515,0.520864791352087,0.698989542285173
"Dankookia",1.1309460044556,0.604383956160438,0.786515497676882
"Eikenella",-1.19382112017083,0.225807741922581,0.396298260635484
"Endobacter",-1.46443906208299,0.110348896511035,0.273505763344922
"Krasilnikovia",-1.48135615086369,0.0981190188098119,0.273505763344922
"Marispirochaeta",-0.92679920767178,0.504764952350476,0.686746096042689
"Modicisalibacter",-0.641692672113854,0.861671383286167,0.953801202582034
"Mojavia",-0.829511786029996,0.695273047269527,0.843687359913201
"Parasutterella",-0.610761782609657,0.903940960590394,0.960241295654493
"Paucimonas",0.16560941765653,0.87460125398746,0.955490460708196
"Sheuella",-1.19860067770194,0.231667683323167,0.398863597570921
"Sulfuritortus",-0.651697910671238,0.873581264187358,0.955490460708196
"Thioalkalicoccus",-0.959065408712931,0.449775502244978,0.641159567996157
"Thiovulum",-1.46023636558162,0.115678843211568,0.273505763344922
"Agromyces",0.170852585851385,0.860591394086059,0.953739312725826
"Aliiroseovarius",-1.46457875594069,0.0877291227087729,0.273505763344922
"Aquariibacter",0.725924118177095,0.660123398766012,0.823205654601196
"Babesia",-0.0725465244361497,0.969120308796912,0.976459481708825
"Caldimicrobium",-0.399183799189201,0.906440935590644,0.960241295654493
"Candidatus Deferrimicrobium",-0.630598901970493,0.849811501884981,0.94785362725215
"Candidatus Desulfatifera",-1.47461590703337,0.0777992220077799,0.273505763344922
"Desulfonema",-0.350843241280981,0.927550724492755,0.965985923008554
"Edaphocola",-1.47287243490652,0.0792892071079289,0.273505763344922
"Elongatibacter",-0.679333975612643,0.791972080279197,0.914367765413255
"Flectobacillus",-1.46733242650235,0.0846891531084689,0.273505763344922
"Fodinibacter (ex Wang et al. 2009)",-0.922242674749748,0.489935100648993,0.674656811835036
"Friedmanniella",1.87229589758201,0.393546064539355,0.588948957859109
"Geopsychrobacter",-0.935758630533391,0.457255427445726,0.647855813531114
"Gracilibacillus",-1.22162427643655,0.172188278117219,0.347360324230693
"Halorubrum",-0.338599532026753,0.939810601893981,0.967877201522644
"Herrania",-0.904457435049451,0.527164728352716,0.704736005271526
"Kaustia",-0.884680298111428,0.567064329356706,0.746995632353907
"Lentibacillus",-0.712183522570273,0.738392616073839,0.877644307669073
"Melittangium",0.434863125791711,0.683663163368366,0.837250516383725
"Natronocella",-0.62059996863967,0.85990140098599,0.953398616807483
"Niveispirillum",-0.649403069858236,0.83390166098339,0.941382319510138
"Olivibacter",-0.954910869981082,0.431355686443136,0.62403047812172
"Pachysolen",-0.929328772029856,0.486515134848651,0.672321106744444
"Parageobacillus",-0.648355116239342,0.847631523684763,0.946555746273073
"Pelagicoccus",-1.1774785557368,0.227827721722783,0.396664105498248
"Propionigenium",-1.4712419360572,0.0831391686083139,0.273505763344922
"Pseudactinotalea",-1.47331704591468,0.0786592134078659,0.273505763344922
"Pseudogymnoascus",0.512707183715423,0.665373346266537,0.824085526875228
"Pseudovibrio",-1.46110490351884,0.0908590914090859,0.273505763344922
"Rhodospira",-0.918041204078684,0.511214887851121,0.693029789740919
"Saccharospirillum",-1.21273362541222,0.18779812201878,0.364147045552445
"Salaquimonas",-1.20152498026933,0.204807951920481,0.379465131078132
"Sandaracinobacteroides",-1.21089387889721,0.195718042819572,0.372250654620751
"Sandarakinorhabdus",-0.947738538979269,0.43839561604384,0.630729841002311
"Slackia",-1.19805038222908,0.210267897321027,0.384825280758325
"Spartinivicinus",-0.891818732917365,0.574394256057439,0.75451694942383
"Subtercola",-1.46807290329403,0.0829491705082949,0.273505763344922
"Sulfidibacter",0.875707608862232,0.639253607463925,0.812960664203099
"Thomasclavelia",-1.21418035760496,0.181768182318177,0.359419887754413
"Vermiconidia",-1.19043530918704,0.20109798902011,0.37681170105189
"Vulcaniibacterium",-0.607384450117249,0.879061209387906,0.956051778524644
"Zestomonas",-0.92256533373752,0.500844991550085,0.683697383837104
"Ardenticatena",-1.21650324997977,0.186528134718653,0.364147045552445
"Astrephomene",-1.47504609412493,0.0805991940080599,0.273505763344922
"Aureisphaera",-0.648373235402608,0.844011559884401,0.946252101859246
"Calditerricola",-1.21944233221521,0.175288247117529,0.351531391429271
"Candidatus Fimadaptatus",-1.47471076197249,0.0803691963080369,0.273505763344922
"Candidatus Ghiorseimicrobium",1.06017496787612,0.624073759262407,0.805014812271083
"Candidatus Methanophaga",-1.2070870903731,0.196628033719663,0.372913983986006
"Cognatiluteimonas",-1.18249967174875,0.218847811521885,0.389465468402641
"Cognatiyoonia",-1.463533583163,0.0916690833091669,0.273505763344922
"Denitratimonas",-1.4789708496774,0.0770492295077049,0.273505763344922
"Denitromonas",-0.636730015945918,0.846991530084699,0.946555746273073
"Desulfobacula",-0.279925169267233,0.946660533394666,0.969138634637045
"Dillenia",-1.19800789948189,0.202557974420256,0.377724959452533
"Dysgonomonas",-1.48020150488369,0.0749592504074959,0.273505763344922
"Fulvimonas",-1.19419538385478,0.212167878321217,0.385684484079037
"Fulvitalea",-1.47982077567507,0.0755092449075509,0.273505763344922
"Funneliformis",-1.20808740613725,0.198388016119839,0.374271517244314
"Halioxenophilus",-0.938574267440319,0.464955350446496,0.653792274357075
"Igneacidithiobacillus",-0.686054175666728,0.781122188778112,0.908977674071656
"Litorimonas",-1.46777763248008,0.0880091199088009,0.273505763344922
"Marinoscillum",-1.47732438990062,0.0772192278077219,0.273505763344922
"Methanolobus",-1.1819336436366,0.214757852421476,0.386604414702794
"Neopararhizobium",-1.47029244641975,0.0846191538084619,0.273505763344922
"Orbicella",-1.47644426437558,0.0797792022079779,0.273505763344922
"Parachitinimonas",0.169486191139234,0.875611243887561,0.955490460708196
"Pedomonas",-1.20710622197333,0.203667963320367,0.378105175758874
"Persicimonas",0.507740827239963,0.684823151768482,0.837250516383725
"Photorhabdus",-1.47227416443464,0.0830891691083089,0.273505763344922
"Phragmitibacter",-1.44196212831281,0.10959890401096,0.273505763344922
"Pyruvatibacter",-1.47550167396844,0.0812191878081219,0.273505763344922
"Schizaphis",-1.11720076849272,0.280667193328067,0.454073038887446
"Silvibacterium",-1.20899445385766,0.197188028119719,0.372913983986006
"Sinosporangium",-1.1770416788502,0.234007659923401,0.400497844378568
"Sphaerochaeta",-1.47592703855238,0.0793892061079389,0.273505763344922
"Thermoactinomyces",-1.17241529200668,0.226487735122649,0.396664105498248
"Thiomicrospira",-0.940975658244969,0.471525284747153,0.658068995945088
"Tumebacillus",1.56008932657007,0.409075909240908,0.601873665307581
"Veillonella",-0.342092386070983,0.930470695293047,0.966085144053799
"Yinghuangia",-1.18646238025783,0.210217897821022,0.384825280758325
"Aestuariimicrobium",-1.46533102549723,0.0960190398096019,0.273505763344922
"Anianabacter",-0.302252369042722,0.952780472195278,0.969237854928583
"Candidatus Galligastranaerophilus",-1.19918952672232,0.219927800721993,0.390500974584677
"Catelliglobosispora",-1.19280539649361,0.225427745722543,0.396298260635484
"Colwellia",-0.663112052391101,0.810181898181018,0.928485735651257
"Cuspidothrix",-1.20351547935362,0.202277977220228,0.377724959452533
"Desulfolutivibrio",-1.41351428424857,0.126328736712633,0.276399757537272
"Eilatimonas",0.860297181290358,0.632483675163248,0.808028984182038
"Ghiorsea",-1.4726043947965,0.0893591064089359,0.273505763344922
"Gomphosphaeria",-0.898913101450517,0.558424415755842,0.737701095802281
"Halobacteriovorax",-0.935375540514008,0.479185208147919,0.66509859491569
"Halopolyspora",0.741588962296428,0.664253357466425,0.824060614762087
"Lacipirellula",-0.311246118289342,0.953030469695303,0.969237854928583
"Lampropedia",-0.904726824691848,0.543974560254397,0.722369259197142
"Lishizhenia",-1.46701948280007,0.0959590404095959,0.273505763344922
"Marinicauda",-1.18995061078053,0.231487685123149,0.398863597570921
"Nitratifractor",-1.46614531471916,0.0953990460095399,0.273505763344922
"Paludifilum",-1.22742339828806,0.171538284617154,0.346549506305371
"Pannonibacter",-1.4711054706029,0.0907190928090719,0.273505763344922
"Propioniciclava",-0.655255884287133,0.842281577184228,0.945372425793814
"Pseudoluteimonas",-0.622786239983166,0.885221147788522,0.958715478685647
"Simiduia",-0.103162689777341,0.953280467195328,0.969237854928583
"Terrihabitans",-1.20141560548723,0.205057949420506,0.379676547833594
"Vulcanimicrobium",-0.908435505967007,0.548134518654813,0.726857069350522
"Achromatium",-1.2090137692555,0.185728142718573,0.363902125354623
"Actomonas",-1.19749790930133,0.209657903420966,0.384825280758325
"Akkermansia",-0.606222342123046,0.898291017089829,0.959707566477519
"Allopusillimonas",-0.884546685222365,0.553924460755392,0.732795901207655
"Anaerostipes",-1.46821355002023,0.0870291297087029,0.273505763344922
"Atribacter",-1.46089264762701,0.0946590534094659,0.273505763344922
"Candidatus Cloacimonas",3.34068648214596,0.224127758722413,0.39458913539409
"Candidatus Desulfofervidus",0.712417440013919,0.676943230567694,0.834309389592474
"Candidatus Endobugula",-1.48198669348277,0.0711792882071179,0.273505763344922
"Candidatus Pelagibacter",-0.341752546059816,0.932460675393246,0.9665633073399
"Cyprideis",-1.4671952301904,0.0880791192088079,0.273505763344922
"Desulfosediminicola",-1.4729832278455,0.0818491815081849,0.273505763344922
"Desulfuribacillus",-0.969224888469091,0.399456005439946,0.593344008080387
"Docaquintavirus",-1.4748326501738,0.0806891931080689,0.273505763344922
"Fluoribacter",-1.47409516934379,0.0808991910080899,0.273505763344922
"Gajwadongvirus",-1.20170555677853,0.200477995220048,0.37681119833097
"Geoanaerobacter",-0.91762648508524,0.4949950500495,0.678947555148896
"Gluconobacter",-1.45249395507932,0.102888971110289,0.273505763344922
"Grimontia",-1.18570742899923,0.220967790322097,0.39099683734005
"Halorhodospira",-0.673067872402246,0.809611903880961,0.928396674178519
"Imperialibacter",0.471810391162385,0.684463155368446,0.837250516383725
"Kingella",-0.678609690928975,0.786512134878651,0.912098555362994
"Lotus",-1.20375580966193,0.192318076819232,0.369203450822635
"Mangrovicella",-1.46532413288823,0.0894291057089429,0.273505763344922
"Merismopedia",-0.949421735216293,0.458185418145819,0.648844428940404
"Methanosphaera",-1.20978212239416,0.191708082919171,0.368969795150533
"Micrococcus",-0.912919500588518,0.491965080349197,0.676451985480145
"Murinocardiopsis",-0.870839366152167,0.582864171358286,0.76313144085054
"Oharaeibacter",-0.641345432123676,0.838731612683873,0.94378418277839
"Oleiphilus",-0.659624456618332,0.830891691083089,0.93988315177577
"Paraneptunicella",-1.48266964721541,0.0710592894071059,0.273505763344922
"Pengzhenrongella",-1.46773619506881,0.0858691413085869,0.273505763344922
"Phosphitispora",-1.46543971555884,0.0904890951090489,0.273505763344922
"Piscirickettsia",-1.4690539562517,0.0878691213087869,0.273505763344922
"Proteiniborus",-1.47434554268296,0.0798292017079829,0.273505763344922
"Pseudomethylobacillus",-0.629707214371466,0.851571484285157,0.948680513194868
"Rhodohalobacter",-1.4744313778955,0.0801991980080199,0.273505763344922
"Rickettsia",-1.48233989675331,0.0717092829071709,0.273505763344922
"Rickettsiella",-1.20388556607334,0.200457995420046,0.37681119833097
"Sabulicella",-0.536495787183641,0.940950590494095,0.96792642367694
"Saccharophagus",-1.1997420664502,0.197028029719703,0.372913983986006
"Saltatorellus",-1.19825328029931,0.217387826121739,0.387607904393196
"Sphaerisporangium",0.191057624638426,0.871021289787102,0.955490460708196
"Spirulina",-0.954816546559307,0.421885781142189,0.615856255230551
"Streblomastix",-1.47683183054713,0.0765492345076549,0.273505763344922
"Tengunoibacter",-1.16825647852697,0.23769762302377,0.403724716552227
"Terrisporobacter",-1.20786480456562,0.192028079719203,0.369000312747904
"Theiavirus",-1.20937487544781,0.189738102618974,0.366617053054919
"Thermosinus",0.648863017539265,0.638213617863821,0.812747879813818
"Thiofilum",-1.46667629433167,0.0877191228087719,0.273505763344922
"Turicibacter",-0.932440866492159,0.495935040649593,0.679569643734656
"Aerosticca",-1.46567162467087,0.0879091209087909,0.273505763344922
"Aliidiomarina",-1.46532341209919,0.0896291037089629,0.273505763344922
"Allopseudospirillum",-1.19076321609774,0.209307906920931,0.384825280758325
"Anoxybacillus",-1.46251093696921,0.0923990760092399,0.273505763344922
"Aquibium",-1.19621570423183,0.209737902620974,0.384825280758325
"Arabidopsis",-1.47123820317285,0.0841491585084149,0.273505763344922
"Bacterioplanes",-0.6305009890329,0.867911320886791,0.955490460708196
"Brevibacterium",-1.46854380989558,0.0851691483085169,0.273505763344922
"Callosobruchus",-1.47254123243735,0.0837891621083789,0.273505763344922
"Candidatus Babela",-1.45788729909199,0.0964590354096459,0.273505763344922
"Candidatus Bathycorpusculum",-1.4734136220711,0.0791792082079179,0.273505763344922
"Candidatus Desulfolinea",-1.476382752858,0.0791392086079139,0.273505763344922
"Candidatus Phytoplasma",-0.938193026988875,0.48679513204868,0.672321106744444
"Candidatus Trichorickettsia",-1.47364807934815,0.0808091919080809,0.273505763344922
"Desulfoluna",0.429406400882728,0.706172938270617,0.850765695616084
"Desulforamulus",-0.4140162195206,0.900970990290097,0.959707566477519
"Didymodactylos",-1.47352301138131,0.0795892041079589,0.273505763344922
"Escallonia",-1.46616383880616,0.0873291267087329,0.273505763344922
"Ferriphaselus",-0.63443325830093,0.859611403885961,0.953398616807483
"Flexistipes",-1.19527427788784,0.216637833621664,0.387445065523802
"Flexivirga",-1.2140512012649,0.199708002919971,0.376253648117598
"Gambusia",-1.46177333158308,0.0929890701092989,0.273505763344922
"Genlisea",-1.4620339300911,0.0930590694093059,0.273505763344922
"Heyndrickxia",-1.17770666129415,0.235527644723553,0.401748619876439
"Homoserinimonas",-1.18543403913379,0.226237737622624,0.396664105498248
"Lacibacter",-1.46599763338561,0.0891691083089169,0.273505763344922
"Lawsonia",-1.4901633936747,0.0634193658063419,0.273505763344922
"Lentilactobacillus",-1.47516049347843,0.0788292117078829,0.273505763344922
"Lichenicoccus",-1.47264981042963,0.0816091839081609,0.273505763344922
"Marinirhabdus",-1.4621128599228,0.0920690793092069,0.273505763344922
"Methanocalculus",-1.47851949492767,0.0734292657073429,0.273505763344922
"Neotabrizicola",-1.21753510673772,0.18729812701873,0.364147045552445
"Notolabrus",-1.47331940732453,0.0806591934080659,0.273505763344922
"Owenia",-1.18975518583546,0.221307786922131,0.391050122368561
"Phytohalomonas",-1.17347094107547,0.240547594524055,0.405547235239348
"Pontibacillus",-1.47060109983757,0.0840991590084099,0.273505763344922
"Pseudoteredinibacter",-1.46566380911895,0.0893191068089319,0.273505763344922
"Roseicyclus",-0.909480448332002,0.524024759752402,0.702218311150222
"Solanum",-0.676551985360379,0.800621993780062,0.921815155818788
"Succinispira",-1.47520195834512,0.0788192118078819,0.273505763344922
"Talaromyces",-1.46907202338858,0.0865791342086579,0.273505763344922
"Telmatobacter",-1.18675147597536,0.226907730922691,0.396664105498248
"Trichomonas",-1.47093686199231,0.0843191568084319,0.273505763344922
"Venturia",-1.47088104321242,0.0831491685083149,0.273505763344922
"Vermiphilus",-1.42310370060362,0.120288797112029,0.273505763344922
"Zooxanthella",-1.47975502603256,0.0733292667073329,0.273505763344922
"Actibacterium",-1.46378162172582,0.0941890581094189,0.273505763344922
"Aliiglaciecola",-1.45879901083464,0.0969490305096949,0.273505763344922
"Cajanus",-1.48230030058081,0.0722792772072279,0.273505763344922
"Caldora",-0.288677669469367,0.952150478495215,0.969237854928583
"Candidatus Bodocaedibacter",-1.47261198890351,0.0843491565084349,0.273505763344922
"Candidatus Danuiimicrobium",-1.45827039073826,0.0971190288097119,0.273505763344922
"Carboxydothermus",-1.19725844589315,0.200937990620094,0.37681119833097
"Cognatishimia",-1.45065773791064,0.105568944310557,0.273505763344922
"Cylicostephanus",-0.978502151692666,0.402725972740273,0.595958675333882
"Dendroctonus",-0.921800267741802,0.492995070049299,0.677201684227012
"Drouetiella",-1.18199373202733,0.21809781902181,0.388625833129424
"Eggerthella",-0.415940800377448,0.897811021889781,0.959707566477519
"Eubacterium",-1.45739106070974,0.0989890101098989,0.273505763344922
"Faucicola",-1.26199234183862,0.138258617413826,0.294656427958985
"Henriciella",-0.373690493285681,0.924250757492425,0.965006209429685
"Hydrogenovibrio",-1.45649522751831,0.100658993410066,0.273505763344922
"Indioceanicola",-1.45187817013343,0.103038969610304,0.273505763344922
"Jahnella",-0.885934596841436,0.602453975460245,0.784369248572193
"Mangrovimicrobium",-0.652578063213734,0.839671603283967,0.944081472666159
"Mariprofundus",-0.331375178782724,0.948020519794802,0.969138634637045
"Methanococcoides",-1.46371243452066,0.0936690633093669,0.273505763344922
"Neiella",-1.46147753248628,0.0967390326096739,0.273505763344922
"Paracandidimonas",-0.888891377778159,0.580334196658033,0.760175220563781
"Paraperlucidibaca",-1.19031258378832,0.210907890921091,0.385400030891777
"Pleionea",0.838868078644419,0.636743632563674,0.811615743331618
"Pseudogracilibacillus",-1.47434967199124,0.0825791742082579,0.273505763344922
"Rhynchophorus",-0.941533993135455,0.462855371446286,0.652810655134236
"Rufibacter",-0.901340461164163,0.526414735852641,0.704070259441015
"Rugamonas",1.06189634811555,0.619033809661903,0.802217283949609
"Schnuerera",-1.19044108838023,0.212817871821282,0.386048245460698
"Sulfurisoma",1.12573895694016,0.617513824861751,0.800990541626617
"Synoicihabitans",-1.45876584840767,0.0987590124098759,0.273505763344922
"Thelohanellus",-1.48128078658422,0.0755192448075519,0.273505763344922
"Vallicoccus",-1.45731875402304,0.0986090139098609,0.273505763344922
"Waddlia",-0.937548101705391,0.455815441845582,0.646143249374203
"Zymobacter",-0.0560620228162154,0.976260237397626,0.980118973513822
"Acetomicrobium",-0.629517674908843,0.876151238487615,0.955490460708196
"Aliitabrizicola",-1.17358587508525,0.24249757502425,0.407436057930461
"Aphis",-0.928264511618664,0.506954930450696,0.688591188954421
"Bismarckvirus",-1.46521316225013,0.0937990620093799,0.273505763344922
"Caenorhabditis",-1.20102858003528,0.211557884421156,0.385684484079037
"Candidatus Muiribacterium",-1.47355150336555,0.0869191308086919,0.273505763344922
"Candidatus Saccharimonas",-1.46319419860129,0.0952490475095249,0.273505763344922
"Chlamydia",-0.948378912904067,0.430905690943091,0.62403047812172
"Christiangramia",-1.46158109071102,0.0974890251097489,0.273505763344922
"Cytospora",-0.311161989218252,0.948130518694813,0.969138634637045
"Desulfallas",-1.46565671588182,0.0948790512094879,0.273505763344922
"Exiguobacterium",-0.887152160254121,0.547074529254707,0.726140729091521
"Grallaria",-1.46964632237012,0.0913990860091399,0.273505763344922
"Gryllotalpicola",-1.17935708269004,0.236977630223698,0.402763648762539
"Guptibacillus",-1.43456814029893,0.117848821511785,0.273505763344922
"Halanaerobium",-1.18874797472238,0.231737682623174,0.398863597570921
"Leuconostoc",-1.18190627633533,0.223557764422356,0.393833791800796
"Limnothrix",-1.46497158818271,0.0938990610093899,0.273505763344922
"Naasia",-1.45478175649594,0.103478965210348,0.273505763344922
"Oceanibium",-1.18786221295474,0.22819771802282,0.396664105498248
"Oppiella",-0.966568902568224,0.412785872141279,0.605419279140542
"Palleronia",-1.46095253673761,0.0973990260097399,0.273505763344922
"Pestalotiopsis",-1.47045248734257,0.0884991150088499,0.273505763344922
"Pseudescherichia",-1.01049898068432,0.348936510634894,0.545262086529023
"Raoultibacter",1.11217556204299,0.614783852161478,0.798561637814584
"Scleromatobacter",-1.46864892794103,0.0900590994090059,0.273505763344922
"Specibacter",-1.45878637572648,0.10079899201008,0.273505763344922
"Sweetvirus",-0.889463773033229,0.579654203457965,0.759758584402899
"Thermofilum",-1.1676680556746,0.241667583324167,0.406513683207539
"Wohlfahrtiimonas",-1.49724175312539,0.0603893961060389,0.273505763344922
"Xenorhabdus",-0.100297107370794,0.956170438295617,0.970365258234895
"Ziziphus",-1.50160308597409,0.0551194488055119,0.273505763344922
"Aeribacillus",-0.488113380284767,0.853081469185308,0.949383027077734
"Ammoniphilus",0.759336182784568,0.654663453365466,0.823205654601196
"Aneurinibacillus",0.848506810002523,0.637463625363746,0.812162959081763
"Aphanomyces",-0.564428004086884,0.93340066599334,0.9665633073399
"Collibacillus",-0.182034094502992,0.913720862791372,0.96155784958158
"Culicoidibacter",-1.45921510822642,0.107658923410766,0.273505763344922
"Desulforadius",-1.48447180967954,0.0856991430085699,0.273505763344922
"Desulfosalsimonas",-0.874657188346942,0.629623703762962,0.807086250238415
"Desulfospira",-1.44330051666164,0.118088819111809,0.273505763344922
"Ectobacillus",-0.157644405613352,0.926320736792632,0.96579099856148
"Effusibacillus",0.825678871291344,0.640943590564094,0.814252357476425
"Fibrobacter",-0.305789948123372,0.954190458095419,0.969810163666279
"Fictibacillus",-0.433436321664566,0.890471095289047,0.959707566477519
"Fodinisporobacter",0.161986441079834,0.874671253287467,0.955490460708196
"Fredinandcohnia",-1.23690619069758,0.186058139418606,0.364147045552445
"Heliobacterium",-1.21508909232378,0.194108058919411,0.370812002262491
"Hyphobacterium",-1.44745068501001,0.117058829411706,0.273505763344922
"Metallosphaera",-0.952584095970997,0.498455015449845,0.682224490193884
"Methanococcus",-0.645741496104167,0.88160118398816,0.957049403864936
"Microaerobacter",-0.146130413870018,0.931970680293197,0.9665633073399
"Mycoplasma",-1.44775516250555,0.115928840711593,0.273505763344922
"Oceanidesulfovibrio",-0.837093077793217,0.701292987070129,0.847972333777311
"Perkinsus",-1.48099672622358,0.0896191038089619,0.273505763344922
"Planifilum",-0.968347898589706,0.443745562544375,0.634831081284681
"Polycladomyces",-0.956300824865049,0.431105688943111,0.62403047812172
"Pseudohalioglobus",-0.925892629879274,0.520414795852042,0.698989542285173
"Schinkia",-1.22635159504277,0.182748172518275,0.36003559851963
"Thermospira",-1.47013969144085,0.0977690223097769,0.273505763344922
"Trypanosoma",-1.45101413792104,0.114078859211408,0.273505763344922
"Yanghanlia",-1.16811613999845,0.258057419425806,0.425734787463446
"Alexandrium",-1.18619924077553,0.227067729322707,0.396664105498248
"Alkalihalobacillus",-1.22735349964357,0.160118398816012,0.330895566783977
"Alkalihalobacterium",-0.992419513329654,0.383156168438316,0.583038241473873
"Amygdalobacter",-1.48575315613449,0.0624893751062489,0.273505763344922
"Ancylothrix",-1.48006027198769,0.0666393336066639,0.273505763344922
"Atopobacter",-1.48567551329714,0.0618693813061869,0.273505763344922
"Bilophila",-0.372265624093422,0.928220717792822,0.965985923008554
"Blepharisma",-1.47564845784595,0.0734392656073439,0.273505763344922
"Calderihabitans",-1.47244320314444,0.0789592104078959,0.273505763344922
"Caldisalinibacter",-1.48162204687175,0.0686193138068619,0.273505763344922
"Calidifontibacillus",-0.681893998684279,0.784352156478435,0.911473845760503
"Candidatus Synchoanobacter",-1.45901839985774,0.0912690873091269,0.273505763344922
"Candidozyma",-0.807369997179753,0.569564304356956,0.749229127294415
"Carboxydocella",-1.4601275928437,0.0908090919090809,0.273505763344922
"Centruroides",1.99355146534812,0.419635803641964,0.61353345650217
"Chondrus",-1.4623631670109,0.0877891221087789,0.273505763344922
"Ciceribacter",-1.44546697256403,0.102288977110229,0.273505763344922
"Cloacibacillus",-1.46149563986978,0.0886191138088619,0.273505763344922
"Cordyceps",1.15860865746748,0.602073979260207,0.78423995247227
"Culicoides",-1.45830069672583,0.0921090789092109,0.273505763344922
"Cyanothece",0.230722042120198,0.840831591684083,0.945005417202465
"Cytophaga",-1.17588939059858,0.228667713322867,0.396775250124594
"Daejeonella",-1.19955621235338,0.202517974820252,0.377724959452533
"Desulfobaculum",-0.906449962070083,0.520834791652083,0.698989542285173
"Desulfotignum",-1.46139343319574,0.0901990980090199,0.273505763344922
"Desulfotruncus",-0.94616420823217,0.435315646843532,0.627498170608805
"Entomortierella",-1.46765087941596,0.0816291837081629,0.273505763344922
"Flavimaribacter",-1.45830598600011,0.0905490945090549,0.273505763344922
"Frankliniella",-1.45241432617869,0.0978590214097859,0.273505763344922
"Geomesophilobacter",-0.930312304958749,0.464475355246448,0.653775386679383
"Gottfriedia",-1.48562487011519,0.0634193658063419,0.273505763344922
"Gottschalkia",-1.1876009354614,0.206737932620674,0.382280465745971
"Haloferax",-0.594668715024314,0.904750952490475,0.960241295654493
"Hazenella",-1.47246556156261,0.0775992240077599,0.273505763344922
"Ignisphaera",-1.47626296660481,0.0747192528074719,0.273505763344922
"Jidongwangia",-1.45494006272473,0.0950390496095039,0.273505763344922
"Kistimonas",-1.17714320233287,0.235747642523575,0.401878531550255
"Kroppenstedtia",-1.22779410739675,0.173928260717393,0.349860014718787
"Kyrpidia",-1.2251904195316,0.187218127818722,0.364147045552445
"Laceyella",-0.981535207944391,0.377956220437796,0.578002014177997
"Lihuaxuella",-1.1885385180924,0.20859791402086,0.384701367507777
"Loxosceles",-1.46695135042321,0.0841091589084109,0.273505763344922
"Lutzomyia",-1.48298436562379,0.0661393386066139,0.273505763344922
"Marinicella",-1.46900766708718,0.0826191738082619,0.273505763344922
"Mastigocladopsis",-1.46434534751866,0.0869091309086909,0.273505763344922
"Mechercharimyces",-1.22369559909141,0.175218247817522,0.351531391429271
"Melghirimyces",-1.23242336251522,0.155758442415576,0.324450525986543
"Mesorhabditis",-1.45281869375206,0.0985790142098579,0.273505763344922
"Methanomassiliicoccus",-1.45538032425,0.0955290447095529,0.273505763344922
"Monosiga",-1.45763401679617,0.0916990830091699,0.273505763344922
"Muriicola",-1.46675915325022,0.0830591694083059,0.273505763344922
"Niallia",-0.0837483236789488,0.962940370596294,0.973986952131926
"Nymphaea",-1.45219814362669,0.0984290157098429,0.273505763344922
"Oceanipulchritudo",-1.19021858501016,0.20259797402026,0.377724959452533
"Opuntia",-1.18010750474433,0.216857831421686,0.387445065523802
"Otagovirus",-1.48195680152223,0.0668093319066809,0.273505763344922
"Paenactinomyces",-1.45292560134521,0.0970590294097059,0.273505763344922
"Pannus",-0.65053252169451,0.846671533284667,0.946555746273073
"Paradesulfitobacterium",-1.45140960372354,0.0992890071099289,0.273505763344922
"Penicilliopsis",-0.895385692955211,0.577514224857751,0.757546828287586
"Penicillium",0.611644325926063,0.692223077769222,0.842732583567411
"Pleurocordyceps",-0.313700927663559,0.831461685383146,0.940147288126471
"Polycladospora",-1.45426332374344,0.0940890591094089,0.273505763344922
"Protaetiibacter",-1.45425885340842,0.0951390486095139,0.273505763344922
"Pseudobacteriovorax",-1.47857943976739,0.0690693093069069,0.273505763344922
"Pueribacillus",-1.21195982429569,0.19239807601924,0.369203450822635
"Rippkaea",-1.45232217549361,0.0981990180098199,0.273505763344922
"Risungbinella",-1.46468822308382,0.0862291377086229,0.273505763344922
"Sediminicoccus",-0.895312707351136,0.57730422695773,0.757546828287586
"Seinonella",-1.46765450045987,0.0835191648083519,0.273505763344922
"Sporocytophaga",-1.17587551682701,0.22789772102279,0.396664105498248
"Staphylospora",-1.48747941783893,0.0601993980060199,0.273505763344922
"Strigomonas",-0.87790654218681,0.60580394196058,0.787996375157291
"Tepidibacillus",-1.23143230680561,0.159138408615914,0.329846226760284
"Teretinema",-1.46527999747266,0.0851291487085129,0.273505763344922
"Thalassovita",-0.304319741442904,0.95090049099509,0.969237854928583
"Thermanaerosceptrum",-0.589213648878774,0.907920920790792,0.960281331024119
"Thermaurantiacus",-1.20745347241851,0.200877991220088,0.37681119833097
"Thermobacillus",-1.19200088054252,0.202977970220298,0.377724959452533
"Thermoflavimicrobium",-0.938301826945847,0.45849541504585,0.648954503362768
"Thermohalobaculum",-0.611254963273423,0.887721122788772,0.959317761810781
"Thermosynechococcus",-1.47427864446898,0.0745192548074519,0.273505763344922
"Thermotomaculum",-1.46154365320914,0.0894491055089449,0.273505763344922
"Vulcanisaeta",-1.48376631394673,0.0661493385066149,0.273505763344922
"Caldovatus",-0.886690823732379,0.600273997260027,0.782990452074938
"Catenuloplanes",-1.23835245441008,0.166968330316697,0.341765212384506
"Dichotomicrobium",0.516554337857295,0.664423355766442,0.824060614762087
"Diversispora",-0.277898629174502,0.857871421285787,0.953138850321238
"Neurospora",-0.0336209527188625,0.973370266297337,0.97808110735865
"Ophiognomonia",0.2079888421772,0.82940170598294,0.939519822475063
"Prolixibacter",-0.948130759378206,0.467415325846742,0.654944042334903
"Pseudochelatococcus",-0.58623531035453,0.91640083599164,0.962927392162709
"Thermobifida",-0.0797037087973845,0.96630033699663,0.975236502600666
"Thermodesulfovibrio",-1.47114141106018,0.0965890341096589,0.273505763344922
"Xuquatrovirus",-1.03152621765082,0.316066839331607,0.502326933499721
"Youxingia",-1.46683131728089,0.102908970910291,0.273505763344922
"Aggregicoccus",0.246112531807882,0.82120178798212,0.935126736752192
"Allobranchiibius",-1.47053964228883,0.0903590964090359,0.273505763344922
"Aquitalea",-1.4535259894238,0.105348946510535,0.273505763344922
"Candidatus Termititenax",-0.326530074450253,0.951660483395166,0.969237854928583
"Chlamydiifrater",-1.46968893080214,0.0920090799092009,0.273505763344922
"Conexivisphaera",-1.45010689840456,0.109578904210958,0.273505763344922
"Draconibacterium",-1.18059547737539,0.235247647523525,0.401516143665686
"Epilithonimonas",-0.552096040185505,0.934230657693423,0.9665633073399
"Gracilibacter",-1.1986929712646,0.21659783402166,0.387445065523802
"Lutispora",-0.966812071137963,0.420255797442026,0.614118565927311
"Marinithermofilum",-0.956730373181989,0.439545604543955,0.632058887851677
"Methanoplanus",-1.20147892539806,0.213337866621334,0.386048245460698
"Orenia",-1.48659658059151,0.0733692663073369,0.273505763344922
"Pinirhizobacter",-1.45785754378266,0.102208977910221,0.273505763344922
"Prodigiosinella",-1.46091240553758,0.0984490155098449,0.273505763344922
"Pseudoprimorskyibacter",-1.47852527968395,0.0833991660083399,0.273505763344922
"Roseitalea",-1.45163895446112,0.106578934210658,0.273505763344922
"Salipaludibacillus",-1.48685700241804,0.0725892741072589,0.273505763344922
"Segeticoccus",-1.45976957019784,0.0999590004099959,0.273505763344922
"Telluria",0.469543344686108,0.682243177568224,0.836413970217472
"Terracidiphilus",-1.4490493625497,0.10889891101089,0.273505763344922
"Thalassobium",-1.43534446890217,0.118658813411866,0.273505763344922
"Tolypothrix",1.46433379142401,0.453935460645394,0.645114789950778
"Xylanibacillus",-1.48248149796062,0.0770592294077059,0.273505763344922
"Algicola",-1.44403060375139,0.106948930510695,0.273505763344922
"Allobaculum",-1.45578467142179,0.0962590374096259,0.273505763344922
"Anaerotruncus",-1.47167003907023,0.0800491995080049,0.273505763344922
"Candidatus Bealeia",-1.45755045887666,0.0947790522094779,0.273505763344922
"Candidatus Formimonas",-1.46728715708483,0.0850391496085039,0.273505763344922
"Carpinus",-0.937707442197357,0.446345536544635,0.637245492644716
"Ceratopteris",-1.45280995864004,0.0990290097099029,0.273505763344922
"Chengkuizengella",-1.17546094843189,0.230827691723083,0.398863597570921
"Chlorogloeopsis",-1.46113324002204,0.0909790902090979,0.273505763344922
"Defluviitalea",-0.712269999722336,0.763252367476325,0.894891781254239
"Desertibacillus",-1.47470066403578,0.0774992250077499,0.273505763344922
"Gandjariella",-0.841518615004851,0.651423485765142,0.822447907468508
"Humidesulfovibrio",-1.18646262600298,0.213217867821322,0.386048245460698
"Hydra",-1.45882684722865,0.0939390606093939,0.273505763344922
"Lactobacillus",-1.14809932230396,0.27019729802702,0.439680402264119
"Mangrovactinospora",-1.46056601211503,0.0919490805091949,0.273505763344922
"Melaminivora",-0.907002600797028,0.497025029749703,0.68072937898072
"Meripilus",-1.44681816220616,0.105568944310557,0.273505763344922
"Mesobacillus",-1.21374449263388,0.195368046319537,0.371838093608165
"Metabacillus",-1.20006601379724,0.207547924520755,0.383270919438856
"Methanoregula",-1.47253945763098,0.0790992090079099,0.273505763344922
"Oligosphaera",-0.229207572560281,0.972680273197268,0.977930436600636
"Paraliobacillus",-1.46863810700858,0.0841991580084199,0.273505763344922
"Petroclostridium",-1.22450801500277,0.192968070319297,0.369574138391584
"Polymorphobacter",-1.46725134206153,0.0861091389086109,0.273505763344922
"Poriferisphaera",-0.909791515937039,0.551624483755162,0.73009891407481
"Propylenella",-0.0196882434902469,0.991110088899111,0.991820053146173
"Pseudalkalibacillus",-1.46838707477283,0.0833891661083389,0.273505763344922
"Pseudobacillus",-1.47319494036937,0.0783692163078369,0.273505763344922
"Pseudobacteroides",-1.20060132952284,0.191748082519175,0.368969795150533
"Salinibacillus",-1.4708689903042,0.0806391936080639,0.273505763344922
"Salirhabdus",-0.96758324364038,0.414825851741483,0.608092040800473
"Siminovitchia",-1.21667806075482,0.183138168618314,0.36003559851963
"Strongylocentrotus",-1.47853571801929,0.0740792592074079,0.273505763344922
"Tepidamorphus",-1.45886129296519,0.0937790622093779,0.273505763344922
"Tetrabaena",-1.45277781462717,0.0999390006099939,0.273505763344922
"Texcoconibacillus",-1.47440948427861,0.0770892291077089,0.273505763344922
"Thermopetrobacter",-1.45616585819769,0.0942890571094289,0.273505763344922
"Tianweitania",-0.936003839029617,0.455075449245508,0.645591919715321
"Anas",0.506462998698425,0.684633153668463,0.837250516383725
"Bambusicola",-1.48042185548564,0.0909190908090919,0.273505763344922
"Centrocercus",-1.47068430008695,0.100688993110069,0.273505763344922
"Colletotrichum",-0.929664567154225,0.513494865051349,0.694683053169468
"Columba",-1.47896444751607,0.0925690743092569,0.273505763344922
"Desmospora",-1.49342224973865,0.0781492185078149,0.273505763344922
"Desulfofarcimen",-1.50081021709521,0.0703892961070389,0.273505763344922
"Diacronema",-0.910441637534265,0.55910440895591,0.738250339613806
"Evansella",-0.909210536230588,0.555434445655543,0.734098316538121
"Gallus",-1.15664874669179,0.245607543924561,0.410378215404935
"Lagopus",-1.43895232724341,0.121288787112129,0.273505763344922
"Limosa",-1.49796855669981,0.0733492665073349,0.273505763344922
"Meleagris",-1.40956782724351,0.128218717812822,0.278486128182196
"Mycteria",-1.46679437579136,0.102528974710253,0.273505763344922
"Nitrospirillum",-0.122554721707558,0.944430555694443,0.968395842647078
"Numida",-1.48044733649185,0.0903490965090349,0.273505763344922
"Pavo",-1.48680631952937,0.0848791512084879,0.273505763344922
"Phasianus",-1.46170275248621,0.106268937310627,0.273505763344922
"Promicromonospora",-0.96180851579694,0.452115478845212,0.643708970242273
"Sinanaerobacter",-1.48848172626418,0.0846891531084689,0.273505763344922
"Strigops",-1.47750376307626,0.0952190478095219,0.273505763344922
"Tympanuchus",-1.45796920260141,0.110978890211098,0.273505763344922
"Anoxybacteroides",-1.47193705640896,0.0959890401095989,0.273505763344922
"Candidatus Acidulodesulfobacterium",-1.45726060738514,0.108508914910851,0.273505763344922
"Candidatus Reconcilbacillus",-1.47412147111868,0.0940390596094039,0.273505763344922
"Cedecea",-1.2364266025379,0.179518204817952,0.35673816803795
"Cobetia",-1.43556556405423,0.121278787212128,0.273505763344922
"Desulfovirgula",-1.19797927251359,0.227477725222748,0.396664105498248
"Desulfurispirillum",-1.46498901373446,0.102938970610294,0.273505763344922
"Edwardsiella",-1.19226704666031,0.227937720622794,0.396664105498248
"Hirsutella",-0.717471889796217,0.753692463075369,0.887781088462303
"Kagunavirus",-1.47517448672204,0.0942290577094229,0.273505763344922
"Kluyvera",-0.466653654595947,0.869141308586914,0.955490460708196
"Lelliottia",-0.719777904607057,0.741042589574104,0.87827646744737
"Megalodesulfovibrio",-0.662184830609277,0.820391796082039,0.934818384279453
"Neopoerus",-1.47264409979208,0.0933590664093359,0.273505763344922
"Noccaea",-1.44686271141694,0.117428825711743,0.273505763344922
"Orbilia",-1.25198149031655,0.169478305216948,0.344881562109361
"Parengyodontium",-0.70257623931321,0.768972310276897,0.899710483632182
"Psychrobacillus",-1.47923437546446,0.0895491045089549,0.273505763344922
"Rubeoparvulum",-1.46856544206154,0.100708992910071,0.273505763344922
"Siccibacter",-1.02839748658377,0.331386686133139,0.522808809178989
"Spinactinospora",-1.44483314378427,0.117048829511705,0.273505763344922
"Tistrella",-0.671635221211584,0.801061989380106,0.921815155818788
"Zhaonella",-1.46024564457177,0.104728952710473,0.273505763344922
"Akanthomyces",-1.271857308654,0.131688683113169,0.282594608769734
"Atlantibacter",-0.770231446381902,0.645383546164538,0.817648450895364
"Candidatus Taenaricola",-1.1541183726297,0.258427415725843,0.425734787463446
"Cucumis",-1.4804537220406,0.0765892341076589,0.273505763344922
"Erwinia",-1.23063858616941,0.17789822101779,0.354732888879237
"Flaumdravirus",-1.48110467152939,0.0754892451075489,0.273505763344922
"Hafnia",-1.48100201689556,0.0772392276077239,0.273505763344922
"Halobacterium",-1.45171613952702,0.103418965810342,0.273505763344922
"Histoplasma",-1.48149361604966,0.0757392426075739,0.273505763344922
"Limibacillus",-1.43985047874774,0.112548874511255,0.273505763344922
"Marinifilum",-0.607851087350917,0.901520984790152,0.959774638444092
"Metarhizium",-1.00383772413272,0.351986480135199,0.548455005155012
"Metasolibacillus",-1.46432992451022,0.0961890381096189,0.273505763344922
"Natronosporangium",-0.615641991847503,0.86550134498655,0.95507057567655
"Pelobacter",-0.0751523332981056,0.968280317196828,0.975965081619025
"Pollutimonas",-1.45504143953704,0.10189898101019,0.273505763344922
"Polychaeton",-1.4850124711084,0.0710892891071089,0.273505763344922
"Pseudoflavitalea",-1.44832935911291,0.109148908510915,0.273505763344922
"Pseudofulvimonas",-1.10190738455741,0.301676983230168,0.4819242373614
"Pseudotevenvirus",-1.48775284906694,0.0698393016069839,0.273505763344922
"Purpureocillium",-1.49691370778272,0.0588894111058889,0.273505763344922
"Saccharomyces",-1.15595463444269,0.265627343726563,0.43350630746029
"Sarcina",-1.48126954527732,0.0753692463075369,0.273505763344922
"Sodalis",-1.47831302870674,0.0805091949080509,0.273505763344922
"Spongiactinospora",-0.928565680028705,0.486615133848662,0.672321106744444
"Thalassomonas",-1.20754974991961,0.202467975320247,0.377724959452533
"Zemynaea",-1.13450600991058,0.26509734902651,0.432894209924061
"Anaerohalosphaera",-1.45183687977043,0.110738892611074,0.273505763344922
"Aureivirga",-1.45745614850764,0.108378916210838,0.273505763344922
"Brassica",-1.44863098597486,0.112658873411266,0.273505763344922
"Calorimonas",-1.46085827013312,0.104128958710413,0.273505763344922
"Deseoctovirus",-1.458111010753,0.104518954810452,0.273505763344922
"Desulfoplanes",-1.45250905810715,0.109618903810962,0.273505763344922
"Flavisphingomonas",-1.20114515777495,0.21369786302137,0.386048245460698
"Fulvivirga",-0.571280647753893,0.922230777692223,0.964474139850972
"Gaetbulibacter",-1.44663011364949,0.114258857411426,0.273505763344922
"Granulibacter",-0.902902395534787,0.536114638853611,0.714308202649972
"Gryllus",-1.44166889051612,0.115388846111539,0.273505763344922
"Halocatena",-1.46810747979269,0.0957290427095729,0.273505763344922
"Hapsidospora",-1.491711308217,0.0723392766072339,0.273505763344922
"Keguizhuia",-1.20053693418135,0.20009799902001,0.376734372817997
"Lambdavirus",-1.49262635741422,0.0712292877071229,0.273505763344922
"Phytobacter",-1.4801579163901,0.0858991410085899,0.273505763344922
"Pontibacterium",-1.18898567040269,0.21469785302147,0.386604414702794
"Superficieibacter",-1.48676729963587,0.0780692193078069,0.273505763344922
"Tetradesmus",-1.46695346707606,0.0983690163098369,0.273505763344922
"Thalassoporum",-0.900595072731926,0.524324756752433,0.702283494902347
"Thermococcus",-0.349241540994651,0.933490665093349,0.9665633073399
"Yokenella",-1.49268561083872,0.0707092929070709,0.273505763344922
"Auxenochlorella",-1.19986938923229,0.212077879221208,0.385684484079037
"Ferrigenium",-0.303848777978198,0.949020509794902,0.969138634637045
"Gloeocapsopsis",-0.861631177970432,0.626623733762662,0.806814153056626
"Halococcus",-1.47353838326575,0.0869691303086969,0.273505763344922
"Hankyongella",-1.44879063918445,0.106008939910601,0.273505763344922
"Lacihabitans",-1.45864452958311,0.100018999810002,0.273505763344922
"Lacinutrix",-1.45100351204363,0.10619893801062,0.273505763344922
"Luteococcus",-1.43638459136829,0.117448825511745,0.273505763344922
"Meyerozyma",-1.46010567196133,0.0977990220097799,0.273505763344922
"Nisaea",-0.897907230964697,0.564144358556414,0.743850560550553
"Occallatibacter",-0.898769414338849,0.586784132158678,0.767903918150514
"Planotetraspora",-1.45513178808502,0.102458975410246,0.273505763344922
"Podospora",-1.4573598361662,0.101348986510135,0.273505763344922
"Porospora",-1.4171560098743,0.124868751312487,0.274780887124252
"Salpingoeca",-1.46427104349767,0.0946390536094639,0.273505763344922
"Artemia",-0.0430619559147655,0.982090179098209,0.984556856978972
"Candidatus Argoarchaeum",-1.45617659348294,0.106548934510655,0.273505763344922
"Candidatus Magnetomorum",-1.46744738475563,0.0945190548094519,0.273505763344922
"Gallaecimonas",-1.18500230881689,0.241107588924111,0.405832857334077
"Glycine",-0.0658959247984945,0.972670273297267,0.977930436600636
"Jasminevirus",-0.902280001971158,0.576934230657693,0.757497293448118
"Leisingera",-1.15350514680994,0.263937360626394,0.432009950550758
"Lepeophtheirus",-1.15400358025508,0.25839741602584,0.425734787463446
"Lutimaribacter",-1.45698537742736,0.104548954510455,0.273505763344922
"Magnetococcus",-1.43503880858469,0.118958810411896,0.273505763344922
"Paralcaligenes",-1.45027463562423,0.110378896211038,0.273505763344922
"Parapedobacter",-1.17678655340576,0.239207607923921,0.405058216084506
"Pseudohongiella",-0.895673430598309,0.579744202557974,0.759758584402899
"Puniceibacterium",-1.45687738038295,0.104038959610404,0.273505763344922
"Roseicella",-0.63233373342765,0.869281307186928,0.955490460708196
"Selenomonas",-1.45534598305368,0.106108938910611,0.273505763344922
"Seohaeicola",-1.45598846083596,0.106168938310617,0.273505763344922
"Silvimonas",-0.367438283474014,0.920370796292037,0.963475460786793
"Xylanimonas",-1.45429505335347,0.107448925510745,0.273505763344922
"Acetobacteroides",-1.46422983685959,0.0854091459085409,0.273505763344922
"Acidaminococcus",-1.45244187730994,0.0976390236097639,0.273505763344922
"Aerococcus",-1.23162661001469,0.160828391716083,0.331626956793163
"Ahrensia",-1.45561605992389,0.0911690883091169,0.273505763344922
"Austwickia",-1.46773484923749,0.0810991890081099,0.273505763344922
"Bailinhaonella",-1.4505104584048,0.0988190118098819,0.273505763344922
"Bowmanella",-1.45566876048896,0.0925090749092509,0.273505763344922
"Candidatus Chloroploca",-1.48464941486499,0.0629893701062989,0.273505763344922
"Catalinimonas",-1.20169791411942,0.188518114818852,0.36501705669014
"Dickeya",-1.1734322300966,0.221417785822142,0.391050122368561
"Dietzia",-1.45196071331966,0.0984590154098459,0.273505763344922
"Erysiphe",-1.20933722714713,0.193718062819372,0.370464248814048
"Latilactobacillus",-1.47896545043688,0.0682593174068259,0.273505763344922
"Maribellus",-1.45795884344327,0.0897391026089739,0.273505763344922
"Marinithermus",-1.17914889761185,0.226377736222638,0.396664105498248
"Maritalea",-1.1587149904686,0.247417525824742,0.412707204271241
"Nonagvirus",-1.50405327221503,0.040779592204078,0.243923845262609
"Planomicrobium",-1.48692783619181,0.0590694093059069,0.273505763344922
"Segetibacter",-1.18007440018933,0.230057699423006,0.398253539149863
"Succiniclasticum",-1.17941445721684,0.215087849121509,0.38666417194349
"Thermosulfidibacter",-1.47063964555115,0.0784492155078449,0.273505763344922
"Thioflavicoccus",-1.17134428664675,0.233247667523325,0.400320591388681
"Trichinella",-0.891502332992083,0.548854511454885,0.72712162399476
"Venteria",0.338890003772179,0.776432235677643,0.906540604464411
"Xanthocytophaga",-0.890040843574196,0.53920460795392,0.718082781040636
"Allacma",-1.44094059517058,0.113878861211388,0.273505763344922
"Ascidiaceihabitans",-1.46141408441021,0.0979590204097959,0.273505763344922
"Candidatus Litorirhabdus",-1.19192656581555,0.231627683723163,0.398863597570921
"Desulfonauticus",-1.46337691594697,0.0978890211097889,0.273505763344922
"Desulfovermiculus",-1.46713829859843,0.0933190668093319,0.273505763344922
"Gillisia",-1.45998608730866,0.100218997810022,0.273505763344922
"Natronoflexus",-1.44248785659255,0.113758862411376,0.273505763344922
"Nosema",-1.14562338973114,0.273267267327327,0.443384869287196
"Novispirillum",-1.1856492844463,0.236987630123699,0.402763648762539
"Pelosinus",-1.44704296305147,0.109908900910991,0.273505763344922
"Photinus",-1.16775056976738,0.23479765202348,0.40116383677239
"Sediminispirochaeta",-1.47037944637074,0.0901290987090129,0.273505763344922
"Siaravirus",-0.452398238570673,0.875981240187598,0.955490460708196
"Zopfia",-1.41917653514842,0.123568764312357,0.274008831340258
"Acorus",-1.44669309079406,0.105158948410516,0.273505763344922
"Balaenoptera",-1.46912379697188,0.0827991720082799,0.273505763344922
"Bellilinea",-1.45207208265058,0.0999490005099949,0.273505763344922
"Bernardetia",-1.45861841459373,0.0939690603093969,0.273505763344922
"Bos",-1.16051048221298,0.24789752102479,0.413014713025201
"Candidatus Endonucleibacter",-1.4426553058528,0.10569894301057,0.273505763344922
"Cystobasidium",-1.44961824551927,0.103208967910321,0.273505763344922
"Equus",-1.47597597616479,0.0757892421075789,0.273505763344922
"Filomicrobium",-0.61220561693108,0.887051129488705,0.959317761810781
"Insulibacter",-1.47003806316014,0.0830791692083079,0.273505763344922
"Lacicoccus",-1.45331837510635,0.0984790152098479,0.273505763344922
"Luidia",-1.41369363921221,0.123518764812352,0.274008831340258
"Motilimonas",-1.43613457371425,0.112748872511275,0.273505763344922
"Nerophis",-1.14567382254152,0.257947420525795,0.425734787463446
"Oceanisphaera",-1.45043850858182,0.101258987410126,0.273505763344922
"Onchocerca",-0.954152598480511,0.466375336246638,0.654944042334903
"Orcinus",-1.46912837845271,0.0818291817081829,0.273505763344922
"Oryzomonas",-1.17405497257721,0.239857601423986,0.405421741305878
"Oxynema",-1.44977616981015,0.101788982110179,0.273505763344922
"Phacochoerus",-1.44616717256059,0.104788952110479,0.273505763344922
"Phyllostomus",-1.45655761219951,0.0945790542094579,0.273505763344922
"Planctobacterium",-1.17834978709895,0.233457665423346,0.400326487532671
"Polymorphospora",-1.46815928675039,0.0844491555084449,0.273505763344922
"Prosthecomicrobium",-1.18176736947028,0.22009779902201,0.390500974584677
"Pseudoramibacter",-1.45332411917883,0.0977590224097759,0.273505763344922
"Qipengyuania",-0.861529151057397,0.639133608663913,0.812960664203099
"Rhipicephalus",-1.0177858489864,0.316966830331697,0.503470906166436
"Rhizomonospora",-1.48993811022313,0.0585794142058579,0.273505763344922
"Roseiterribacter",-0.89077045473242,0.560474395256047,0.739709712019554
"Rousettus",-1.47147586791043,0.0812291877081229,0.273505763344922
"Rubritepida",-1.45090802316922,0.101188988110119,0.273505763344922
"Salvavirus",-1.25168076897893,0.150718492815072,0.315436306311094
"Segnochrobactrum",-1.45400145015836,0.0982890171098289,0.273505763344922
"Sus",-0.867183787167529,0.598424015759842,0.780941943032695
"Tolypocladium",-1.50531610276065,0.04319956800432,0.249379324388574
"Allofrancisella",-1.44535425632778,0.105448945510545,0.273505763344922
"Allomesorhizobium",-1.12519584866606,0.278927210727893,0.451862217609708
"Blattabacterium",-1.44567779226791,0.104728952710473,0.273505763344922
"Caldanaerobacter",-1.44885584831476,0.101988980110199,0.273505763344922
"Clonostachys",-1.44221021685335,0.107868921310787,0.273505763344922
"Cuniculiplasma",-0.882696955206768,0.589994100058999,0.771743218897399
"Dongshaea",-1.45400504005964,0.0979690203097969,0.273505763344922
"Kribbia",-1.47002180298521,0.0822191778082219,0.273505763344922
"Kushneria",-1.4629968304011,0.0919690803091969,0.273505763344922
"Larsenimonas",-1.44766905952287,0.104828951710483,0.273505763344922
"Malassezia",-1.49523860971179,0.0530394696053039,0.273505763344922
"Nibrella",-1.17248820635473,0.243077569224308,0.408003823865665
"Sphaerimonospora",-1.45170442416851,0.0997290027099729,0.273505763344922
"Sphingomicrobium",-1.44846357036371,0.103828961710383,0.273505763344922
"Vescimonas",-1.49315255906725,0.0555094449055509,0.273505763344922
"Alteraquisediminimonas",-1.18026276554817,0.235947640523595,0.401974211965197
"Billgrantia",-1.16382727115156,0.258627413725863,0.425813196199211
"Candidatus Syntropharchaeum",-1.16551536724938,0.259387406125939,0.426561749685623
"Cohaesibacter",-1.13209335254177,0.286617133828662,0.461875485051378
"Cutibacterium",-0.670925022981724,0.829561704382956,0.939519822475063
"Edaphosphingomonas",-1.45735592509676,0.100828991710083,0.273505763344922
"Homo",-1.46131735304938,0.0967490325096749,0.273505763344922
"Lutibaculum",-1.47378472360545,0.0866391336086639,0.273505763344922
"Melbournevirus",-1.49002737754353,0.0677093229067709,0.273505763344922
"Methanogenium",-0.869829036934379,0.635163648363516,0.810341202524048
"Neomesorhizobium",-1.48786219906366,0.0700592994070059,0.273505763344922
"Parasulfuritortus",-0.567250126346299,0.935960640393596,0.966598734455951
"Peronospora",-1.16059384335279,0.258977410225898,0.426138329900564
"Pistricoccus",-1.16780632089205,0.251927480725193,0.418481201632692
"Plastoroseomonas",-1.47004537352828,0.0902590974090259,0.273505763344922
"Proteiniclasticum",-1.45119646584076,0.107008929910701,0.273505763344922
"Rodentibacter",-1.44756914961426,0.109258907410926,0.273505763344922
"Sclerotinia",-1.46839551569879,0.0910390896091039,0.273505763344922
"Sphingosinithalassobacter",-1.45849732537794,0.100438995610044,0.273505763344922
"Tenacibaculum",-1.45454069152949,0.104878951210488,0.273505763344922
"Xanthobacter",-1.20020239530193,0.222167778322217,0.392126830468903
"Agarivorans",-1.16550341891281,0.264287357126429,0.432240066130643
"Anaerovibrio",-0.881028247259436,0.61750382496175,0.800990541626617
"Planoprotostelium",-1.45747783117936,0.11309886901131,0.273505763344922
"Pseudodonghicola",-1.45798665261792,0.113448865511345,0.273505763344922
"Saccharolobus",-1.19706227082465,0.236607633923661,0.402607630440139
"Thermodesulfobacterium",-1.47193690043892,0.103218967810322,0.273505763344922
"Thermovenabulum",-1.42259504517565,0.127578724212758,0.278198544067601
"Zooshikella",-0.3151207921036,0.956510434895651,0.970365258234895
"Algimonas",-0.892421213514337,0.601983980160198,0.78423995247227
"Bartonella",-1.49511860689035,0.0683493165068349,0.273505763344922
"Candidatus Terraquivivens",-1.42973445046985,0.120678793212068,0.273505763344922
"Chrysiogenes",-1.45143951267075,0.108988910110899,0.273505763344922
"Coccidioides",-1.50103229023134,0.0618493815061849,0.273505763344922
"Ekhidna",-1.44113786180751,0.11609883901161,0.273505763344922
"Gulbenkiania",-1.44422973640856,0.117268827311727,0.273505763344922
"Gulosibacter",-1.44607943252179,0.113838861611384,0.273505763344922
"Halarcobacter",-1.46926488219498,0.0957690423095769,0.273505763344922
"Maridesulfovibrio",-1.44353741785026,0.114568854311457,0.273505763344922
"Mikania",-1.45136723284111,0.110568894311057,0.273505763344922
"Oceanimonas",-1.45242784164358,0.109708902910971,0.273505763344922
"Seretavirus",-1.50163271983509,0.0611993880061199,0.273505763344922
"Stegodyphus",-1.47487275156161,0.0896691033089669,0.273505763344922
"Xenopsylla",0.709970280170241,0.676683233167668,0.834309389592474
"Yokohamavirus",-1.49254841568874,0.0700992990070099,0.273505763344922
"Adonisia",-1.14302182348624,0.278977210227898,0.451862217609708
"Arcicella",-0.892239840347448,0.591984080159198,0.773983865215162
"Candidatus Saccharicenans",-1.44529806353933,0.114078859211408,0.273505763344922
"Chidieberevirus",-1.46528106012914,0.100408995910041,0.273505763344922
"Cladophialophora",-1.44936901074303,0.111368886311137,0.273505763344922
"Eudoraea",-0.600361753307015,0.917570824291757,0.963145421019553
"Gelidibacter",-1.46018116521158,0.103488965110349,0.273505763344922
"Hydrococcus",-1.18502825066738,0.24009759902401,0.405547235239348
"Lipingzhangella",-1.45884884609125,0.103248967510325,0.273505763344922
"Nanhaivirus",-1.45987579071339,0.103508964910351,0.273505763344922
"Paraferrimonas",-0.886839181153797,0.611543884561154,0.795092421341957
"Paramecium",-0.327352359686925,0.951430485695143,0.969237854928583
"Rhodoglobus",-1.16960857080631,0.254247457525425,0.421332975282347
"Thecamonas",0.0718355680982184,0.976170238297617,0.980118973513822
"Thermoflexibacter",-1.44766917154997,0.111088889111109,0.273505763344922
"Albimonas",-0.848806351152388,0.704972950270497,0.84981107048291
"Gemmiger",-1.44848983118563,0.120278797212028,0.273505763344922
"Ornithinibacter",-1.4522112584158,0.11749882501175,0.273505763344922
"Thiomicrolovo",-0.528691403699919,0.966220337796622,0.975236502600666
"Anderseniella",-1.43966998538769,0.122558774412256,0.273505763344922
"Desulfuromusa",-1.44501854667117,0.120308796912031,0.273505763344922
"Harpegnathos",-1.20605177662372,0.228287717122829,0.396664105498248
"Mariniradius",-1.46426357434912,0.111338886611134,0.273505763344922
"Prochloron",-1.44069557523219,0.122318776812232,0.273505763344922
"Reticulibacter",-1.44707931899489,0.122328776712233,0.273505763344922
"Cyanomargarita",-1.45677631866814,0.116278837211628,0.273505763344922
"Cyphomyrmex",-0.63224661744034,0.895741042589574,0.959707566477519
"Monodelphis",-1.15463580478041,0.279517204827952,0.452474548255676
"Pectobacterium",-1.45168532498267,0.118078819211808,0.273505763344922
"Pelotalea",-0.876108040326522,0.650193498065019,0.821417680940731
"Antichaacvirus",-1.45602114396963,0.117458825411746,0.273505763344922
"Brachyspira",-1.20045279799903,0.23149768502315,0.398863597570921
"Formosimonas",-1.43818001581821,0.125748742512575,0.275995276182352
"Litorivita",-1.44242234230736,0.123408765912341,0.274008831340258
"Samistivirus",-1.45665935915585,0.116328836711633,0.273505763344922
"Septimatrevirus",-1.42898727558835,0.127068729312707,0.277584073260127
"Shirevirus",-1.42346580355346,0.12719872801272,0.277650973490265
"Trichloromonas",-1.48847921806855,0.0896891031089689,0.273505763344922
"Acutalibacter",-1.41502065563911,0.130868691313087,0.281395970655678
"Hydrogenobacter",-1.14564677070477,0.286647133528665,0.461875485051378
"Salinibaculum",-1.4154951092551,0.130868691313087,0.281395970655678
"Acromyrmex",-1.17830153288419,0.237907620923791,0.40383590088765
"Blattella",1.28435069051283,0.531294687053129,0.708900360853125
"Contarinia",-0.773057853209801,0.703572964270357,0.849584748212993
"Coptotermes",-1.22874109864316,0.20089799102009,0.37681119833097
"Lacimicrobium",-1.45178889770509,0.114758852411476,0.273505763344922
"Lingula",-0.869550724061438,0.643143568564314,0.816050468014847
"Mariluticola",-1.43805621333511,0.122078779212208,0.273505763344922
"Nasonia",-0.916200950681734,0.554944450555494,0.733797820564151
"Nemorincola",-1.4460475442499,0.118238817611824,0.273505763344922
"Rudanella",-1.44138277289531,0.12059879401206,0.273505763344922
"Serangoonvirus",-1.45473992384539,0.113228867711323,0.273505763344922
"Thermanaerovibrio",-1.44878199051739,0.115408845911541,0.273505763344922
"Wolominvirus",-1.44822874170555,0.117278827211728,0.273505763344922
"Abditibacterium",-1.14973347933251,0.274167258327417,0.444586952853629
"Actimicrobium",-1.18104448456508,0.246837531624684,0.411985700931521
"Actinobacillus",-1.24163340942386,0.182988170118299,0.36003559851963
"Chania",-1.14710133163871,0.281087189128109,0.454489355569407
"Clarias",-1.43882075342827,0.121738782612174,0.273505763344922
"Cuerna",-0.988417940344647,0.430445695543045,0.62403047812172
"Lytechinus",-1.45164245895895,0.114708852911471,0.273505763344922
"Olsenella",-1.4570861579088,0.110908890911091,0.273505763344922
"Ornithodoros",-0.973752298904803,0.445625543744563,0.636542826800771
"Pinisolibacter",-1.16923984127372,0.260547394526055,0.427894686975574
"Schistocerca",0.354706983343003,0.74070259297407,0.87827646744737
"Syngnathus",-0.442945058659838,0.899861001389986,0.959707566477519
"Alkalisalibacterium",-1.43739797960035,0.122368776312237,0.273505763344922
"Chionoecetes",-1.49292415262514,0.0828891711082889,0.273505763344922
"Chromatocurvus",-1.43586358704176,0.12389876101239,0.274176482304852
"Cryptotermes",-0.692694539888502,0.824531754682453,0.937258890932848
"Pristionchus",-1.14666091391568,0.282947170528295,0.457232154109922
"Acrobeloides",-1.48782146322276,0.0879491205087949,0.273505763344922
"Ischnura",-0.716708333094083,0.786742132578674,0.912098555362994
"Methanospirillum",-1.18548846148904,0.244007559924401,0.408727291623966
"Anisakis",-1.13860882789713,0.289787102128979,0.466128476308789
"Chloebia",-1.45064670883273,0.116948830511695,0.273505763344922
"Ephemeroptericola",-1.16408771919043,0.264737352626474,0.432559159788519
"Marinibactrum",-1.45558450363912,0.112738872611274,0.273505763344922
"Nitrosophilus",-1.45330979028706,0.115748842511575,0.273505763344922
"Syntrophomonas",-0.914699738480126,0.551494485055149,0.73009891407481
"Thermanaerothrix",-1.18198892310779,0.247737522624774,0.412994414208603
"Tribolium",-1.46915176991444,0.101958980410196,0.273505763344922
"Anaerobacterium",-1.45919398971649,0.110518894811052,0.273505763344922
"Desulfocucumis",-1.44711705410135,0.11959880401196,0.273505763344922
"Dialister",-1.45664999217891,0.111778882211178,0.273505763344922
"Nyssomyia",-1.11311779058807,0.315316846831532,0.501420187847069
"Percolomonas",-1.45887559735378,0.111368886311137,0.273505763344922
"Rahnella",-1.4408394287597,0.120968790312097,0.273505763344922
"Thalassolituus",-1.4522504006778,0.115328846711533,0.273505763344922
"Thermodesulfatator",-1.46449692117627,0.106908930910691,0.273505763344922
"Winmispira",-1.44244686624469,0.118858811411886,0.273505763344922
"Acer",-1.46394136104707,0.103548964510355,0.273505763344922
"Dipteronia",-1.46513670895136,0.103818961810382,0.273505763344922
"Folsomia",-1.48785221396049,0.0825391746082539,0.273505763344922
"Halopelagius",-1.44368633408814,0.11869881301187,0.273505763344922
"Homalodisca",-1.48532908596027,0.0842291577084229,0.273505763344922
"Limibacter",-1.45599445427345,0.111078889211108,0.273505763344922
"Quercus",-1.50273962973738,0.0672893271067289,0.273505763344922
"Roseivirga",-1.17709949134411,0.243757562424376,0.408727291623966
"Trichococcus",-1.46837327795543,0.101068989310107,0.273505763344922
"Allohahella",-1.44755211194371,0.11419885801142,0.273505763344922
"Bolinopsis",-1.46277385445778,0.106208937910621,0.273505763344922
"Fundulus",-1.48612534001391,0.0830591694083059,0.273505763344922
"Mollyvirus",-1.44004255982112,0.120648793512065,0.273505763344922
"Pseudophaeobacter",-1.44777395104899,0.116378836211638,0.273505763344922
"Shimwellia",-1.45074301243802,0.11519884801152,0.273505763344922
"Chakrabartyvirus",-1.26917833918859,0.164268357316427,0.337102370532829
"Ectothiorhodosinus",-1.45686969080512,0.11539884601154,0.273505763344922
"Palaeococcus",-1.47938153143565,0.0960590394096059,0.273505763344922
"Zootermopsis",-0.7028042682314,0.823141768582314,0.936424308395352
"Actinosynnema",-1.44541003129346,0.119168808311917,0.273505763344922
"Celeribacter",-1.47050872633099,0.104978950210498,0.273505763344922
"Pararhodonellum",-1.4491723753126,0.118608813911861,0.273505763344922
"Pleodorina",-1.44833420674689,0.119158808411916,0.273505763344922
"Bombus",-1.46052288034169,0.113068869311307,0.273505763344922
"Candidatus Caldarchaeum",-1.2029005346113,0.23119768802312,0.398863597570921
"Heliorestis",-1.46066665577884,0.111768882311177,0.273505763344922
"Kiritimatiella",-1.45867838470753,0.113918860811392,0.273505763344922
"Mariniphaga",-1.11602466006783,0.312046879531205,0.497352527900848
"Oceanispirochaeta",-1.44448143698703,0.120388796112039,0.273505763344922
"Syncephalastrum",-1.44036760920998,0.12229877701223,0.273505763344922
"Acidibrevibacterium",-1.4741612194455,0.0978690213097869,0.273505763344922
"Alloacidobacterium",-0.534332961169783,0.95240047599524,0.969237854928583
"Camponotus",-1.46203150486951,0.107278927210728,0.273505763344922
"Candidatus Hecatella",-1.19001499751963,0.242507574924251,0.407436057930461
"Chthonobacter",-1.45313983061146,0.115228847711523,0.273505763344922
"Desulfitobacterium",-1.19069923920014,0.240657593424066,0.405547235239348
"Eragrostis",-1.45294265055861,0.114808851911481,0.273505763344922
"Fervidicola",-1.46541220545371,0.108728912710873,0.273505763344922
"Haemonchus",-1.44767290927371,0.117968820311797,0.273505763344922
"Levilactobacillus",-1.46127938207821,0.110248897511025,0.273505763344922
"Maliponia",-1.46835109689369,0.103938960610394,0.273505763344922
"Methanolinea",-1.47311505626401,0.102558974410256,0.273505763344922
"Methanothermococcus",-1.44320104060102,0.12149878501215,0.273505763344922
"Paradevosia",-1.45486572682037,0.112528874711253,0.273505763344922
"Saliniramus",-1.46996792553452,0.104328956710433,0.273505763344922
"Silicimonas",-1.46239515561498,0.108858911410886,0.273505763344922
"Aeropyrum",-1.45057503625949,0.118388816111839,0.273505763344922
"Agilicoccus",-1.44651161038355,0.120438795612044,0.273505763344922
"Aquibaculum",-0.810761920324342,0.76640233597664,0.897079231972657
"Caldicoprobacter",-1.44905390722289,0.120778792212078,0.273505763344922
"Candidatus Aciduliprofundum",-1.45100886381281,0.120308796912031,0.273505763344922
"Candidatus Magnetaquicoccus",-1.12333424546334,0.304726952730473,0.486240494533947
"Candidatus Micrarchaeum",-1.44868912745097,0.123568764312357,0.274008831340258
"Cyclonatronum",-0.818262405854203,0.752882471175288,0.887613460432245
"Epibacterium",-1.4220792035452,0.128078719212808,0.278484001152206
"Epicauta",-1.4520197045933,0.117988820111799,0.273505763344922
"Gordonibacter",-1.45076843756587,0.121628783712163,0.273505763344922
"Lacrimispora",-1.42194871601434,0.127968720312797,0.278461530026444
"Pseudolactococcus",-0.879243682370728,0.647263527364726,0.818675552493004
"Pumpernickelvirus",-1.45106970963259,0.119638803611964,0.273505763344922
"Terrihalobacillus",-1.45845115905623,0.114648853511465,0.273505763344922
"Terrimesophilobacter",-1.44670359246851,0.120988790112099,0.273505763344922
"Terrirhizobium",-1.43254269143835,0.126058739412606,0.276399757537272
"Thaumasiovibrio",-1.42734045051191,0.128378716212838,0.278486128182196
"Trichuris",-1.16426418470802,0.267737322626774,0.436439952986701
"Allomeiothermus",-1.1905482508272,0.234077659223408,0.400497844378568
"Amnibacterium",-1.4540058391229,0.115008849911501,0.273505763344922
"Amphibalanus",-1.19619735185866,0.239177608223918,0.405058216084506
"Aquamicrobium",-1.45149364769711,0.116238837611624,0.273505763344922
"Arion",-1.43808263961471,0.122128778712213,0.273505763344922
"Brochothrix",-1.4590198063079,0.110658893411066,0.273505763344922
"Byssothecium",-1.45190689198045,0.115038849611504,0.273505763344922
"Candidatus Alcium",-1.45072645784601,0.114488855111449,0.273505763344922
"Candidatus Avichristensenella",-1.45531189945693,0.111928880711193,0.273505763344922
"Candidatus Bipolaricaulis",-1.44739514286549,0.117858821411786,0.273505763344922
"Candidatus Methanoliparum",-1.46399130387071,0.106318936810632,0.273505763344922
"Candidatus Ordinivivax",-1.17235520665526,0.260657393426066,0.427894686975574
"Candidatus Peribacter",-1.45136683494787,0.114358856411436,0.273505763344922
"Capillibacterium",-1.45386295285245,0.113488865111349,0.273505763344922
"Elusimicrobium",-1.45482943989476,0.112628873711263,0.273505763344922
"Ferruginivarius",-1.41791163983501,0.129848701512985,0.280475959719167
"Halarsenatibacter",-1.44011667990826,0.120468795312047,0.273505763344922
"Haloarcula",-1.17079728800382,0.261107388926111,0.428310669944944
"Myroides",-1.44872725439085,0.115168848311517,0.273505763344922
"Natrinema",-1.20604049317433,0.22809771902281,0.396664105498248
"Neolecta",-1.44593553614445,0.117948820511795,0.273505763344922
"Oculatella",-1.4524869573115,0.11519884801152,0.273505763344922
"Pelagihabitans",-1.45550119133403,0.115168848311517,0.273505763344922
"Penaeus",-1.44472717709633,0.117588824111759,0.273505763344922
"Phaselicystis",-1.45036000375096,0.115488845111549,0.273505763344922
"Sediminibacillus",-1.45587692527177,0.112308876911231,0.273505763344922
"Selenihalanaerobacter",-1.45467632705828,0.11269887301127,0.273505763344922
"Tangfeifania",-1.1671678363631,0.264387356126439,0.432240066130643
"Alishewanella",-1.11166742980181,0.320526794732053,0.508258719909963
"Anaerobranca",-1.46846956103377,0.105668943310567,0.273505763344922
"Aquisediminimonas",-1.44302036264404,0.122418775812242,0.273505763344922
"Candidatus Hadarchaeum",-1.4638411605535,0.107468925310747,0.273505763344922
"Candidatus Magnetoglobus",-0.774058157576312,0.797472025279747,0.919957406536587
"Candidatus Udaeobacter",-1.42734968772979,0.124838751612484,0.274780887124252
"Diploptera",-1.46979641028683,0.105478945210548,0.273505763344922
"Flavilitoribacter",-1.13137550557961,0.302786972130279,0.483421028646856
"Futiania",-1.44256166150421,0.123868761312387,0.274176482304852
"Hwanghaeella",-1.43143782961874,0.126278737212628,0.276399757537272
"Lygus",-1.13807453992707,0.294637053629464,0.473112602207311
"Methanofollis",-1.46256712029142,0.110988890111099,0.273505763344922
"Methanohalophilus",-1.43391975774357,0.123328766712333,0.274008831340258
"Methyloferula",-1.12941263492034,0.305646943530565,0.487430114283332
"Oedothorax",-1.47750549325064,0.0994090059099409,0.273505763344922
"Oleispirillum",-1.43096271877415,0.125238747612524,0.275092028953924
"Rhodobium",-0.840278043316692,0.701382986170138,0.847972333777311
"Vistulavirus",-1.43552489072255,0.122678773212268,0.273555061735895
"Allomuricauda",-1.44146057557707,0.123438765612344,0.274008831340258
"Bhargavaea",-1.42591400786217,0.129998700013,0.280475959719167
"Candidatus Omnitrophus",-1.46458806709001,0.116158838411616,0.273505763344922
"Crateriforma",-1.41813024970545,0.129218707812922,0.27965690908544
"Immersiella",-1.43191893355728,0.127648723512765,0.278198544067601
"Parvimonas",-1.44816529652422,0.123128768712313,0.274008831340258
"Pogona",-1.43931189040724,0.126178738212618,0.276399757537272
"Sinomicrobium",-1.42468021776891,0.128318716812832,0.278486128182196
"Sitophilus",-1.44298774756824,0.124068759312407,0.274246925252266
"Acanthopleuribacter",-1.43083314521294,0.119548804511955,0.273505763344922
"Alkalicoccus",-1.47871754746279,0.0869291307086929,0.273505763344922
"Alkalinema",-1.48266673806823,0.0796392036079639,0.273505763344922
"Atlanticothrix",-1.4361525604976,0.118308816911831,0.273505763344922
"Breoghania",-1.44438071591744,0.114748852511475,0.273505763344922
"Breznakibacter",-1.43099919636121,0.120488795112049,0.273505763344922
"Candida",-1.43360330685103,0.120388796112039,0.273505763344922
"Candidatus Hydrogenisulfobacillus",-1.45886061861504,0.104828951710483,0.273505763344922
"Candidatus Methanogaster",-1.46589832770717,0.0974790252097479,0.273505763344922
"Candidatus Nanosalina",-1.45813969667259,0.105018949810502,0.273505763344922
"Candidatus Nitronauta",-1.43218542810762,0.120658793412066,0.273505763344922
"Corethrella",-1.43911984313911,0.116868831311687,0.273505763344922
"Cylindrospermum",-1.42927622381772,0.1249987500125,0.274780887124252
"Dethiosulfatarculus",-1.45897833431033,0.105458945410546,0.273505763344922
"Floridanema",-1.43645623625831,0.118978810211898,0.273505763344922
"Gloeothece",-1.43258148699676,0.121158788412116,0.273505763344922
"Halobaculum",-1.4413011999375,0.117058829411706,0.273505763344922
"Herbidospora",-1.41540441226681,0.124788752112479,0.274780887124252
"Leptothoe",-1.43392748874253,0.12009879901201,0.273505763344922
"Marimonas",-1.43671728654892,0.117578824211758,0.273505763344922
"Planktotalea",-1.43736890900973,0.116768832311677,0.273505763344922
"Potamilus",-1.44331543510615,0.112888871111289,0.273505763344922
"Pristimantibacillus (SeqCode)",-1.43786509527818,0.116248837511625,0.273505763344922
"Pseudothermotoga",-1.42214664036948,0.123938760612394,0.274176482304852
"Saprolegnia",-1.42746256316617,0.121918780812192,0.273505763344922
"Seonamhaeicola",-1.4362872958008,0.119348806511935,0.273505763344922
"Sphaerospermopsis",-1.43252460454154,0.120618793812062,0.273505763344922
"Sporosarcina",-1.4774779316868,0.0883691163088369,0.273505763344922
"Streptantibioticus",-1.44934205482253,0.111258887411126,0.273505763344922
"Varunaivibrio",-1.433027389391,0.118318816811832,0.273505763344922
"Vitiosangium",-1.43664938791662,0.117918820811792,0.273505763344922
